DateI,DateD,N,E,U,Tech1,dN,dE,dU,Tech2,Descr
20200112,2020.0313,-28.1,26.2,-1.3,rrr,2.3,2.6,7.5,0.0186,Southern_California.20200112.stacov.point-2020/05/11-22:28:16 
20200113,2020.034,-27.2,25.9,1.5,rrr,2.3,2.6,7.7,-0.0039,Southern_California.20200113.stacov.point-2020/05/12-22:27:09 
20200114,2020.0368,-27.3,25.3,-2.4,rrr,2.3,2.6,7.5,0.0322,Southern_California.20200114.stacov.point-2020/05/13-22:27:06 
20200115,2020.0395,-26.7,24.7,-3.6,rrr,2.3,2.6,7.5,0.0224,Southern_California.20200115.stacov.point-2020/05/14-22:28:06 
20200116,2020.0422,-26.7,25.7,-3.0,rrr,2.3,2.7,7.5,0.0398,Southern_California.20200116.stacov.point-2020/05/15-22:28:15 
20200117,2020.045,-27.1,26.3,2.8,rrr,2.4,2.8,7.8,0.066,Southern_California.20200117.stacov.point-2020/05/16-22:25:46 
20200118,2020.0477,-26.6,26.0,-0.2,rrr,2.3,2.7,7.7,0.0064,Southern_California.20200118.stacov.point-2020/05/17-22:28:42 
20200119,2020.0505,-25.5,27.5,-2.5,rrr,2.3,2.6,7.5,0.0283,Southern_California.20200119.stacov.point-2020/05/18-22:27:35 
20200120,2020.0532,-25.0,26.3,2.6,rrr,2.3,2.7,7.7,0.0105,Southern_California.20200120.stacov.point-2020/05/19-22:28:37 
20200121,2020.0559,-26.1,26.3,0.4,rrr,2.3,2.6,7.7,-0.003,Southern_California.20200121.stacov.point-2020/05/20-22:28:18 
20200122,2020.0587,-26.3,26.1,0.3,rrr,2.3,2.6,7.7,0.0049,Southern_California.20200122.stacov.point-2020/05/21-22:28:29 
20200123,2020.0614,-26.3,27.0,-3.7,rrr,2.3,2.6,7.7,-0.0015,Southern_California.20200123.stacov.point-2020/05/22-22:27:35 
20200124,2020.0641,-25.6,25.3,-1.5,rrr,2.3,2.6,7.5,0.0184,Southern_California.20200124.stacov.point-2020/05/23-22:28:43 
20200125,2020.0669,-26.7,25.6,0.6,rrr,2.3,2.6,7.5,0.0275,Southern_California.20200125.stacov.point-2020/05/24-22:27:34 
20200126,2020.0696,-24.8,24.8,1.8,rrr,2.3,2.6,7.7,0.0011,Southern_California.20200126.stacov.point-2020/05/25-22:29:41 
20200127,2020.0724,-25.5,24.1,-2.3,rrr,2.2,2.7,7.4,0.0311,Southern_California.20200127.stacov.point-2020/05/26-22:28:26 
20200128,2020.0751,-24.3,25.0,-1.9,rrr,2.2,2.6,7.4,0.043,Southern_California.20200128.stacov.point-2020/05/27-22:26:54 
20200129,2020.0778,-24.6,23.4,-3.3,rrr,2.3,2.6,7.7,0.006,Southern_California.20200129.stacov.point-2020/05/28-22:28:35 
20200130,2020.0806,-25.6,25.1,3.3,rrr,2.3,2.6,7.7,0.0054,Southern_California.20200130.stacov.point-2020/05/29-22:28:32 
20200131,2020.0833,-23.5,26.3,-2.2,rrr,2.3,2.6,7.7,0.005,Southern_California.20200131.stacov.point-2020/05/30-22:28:43 
20200201,2020.0861,-25.3,26.7,-2.8,rrr,2.2,2.7,7.4,0.0376,Southern_California.20200201.stacov.point-2020/05/31-22:29:26 
20200202,2020.0888,-24.8,25.6,0.8,rrr,2.2,2.7,7.4,0.0376,Southern_California.20200202.stacov.point-2020/06/01-22:29:03 
20200203,2020.0915,-24.2,24.1,6.0,rrr,2.3,2.7,7.7,-0.0035,Southern_California.20200203.stacov.point-2020/06/02-22:28:02 
20200204,2020.0943,-25.6,22.4,1.7,rrr,2.2,2.6,7.4,0.0323,Southern_California.20200204.stacov.point-2020/06/03-22:27:52 
20200205,2020.097,-25.7,23.5,2.1,rrr,2.2,2.6,7.4,0.0393,Southern_California.20200205.stacov.point-2020/06/04-22:28:50 
20200206,2020.0997,-24.6,23.7,2.6,rrr,2.2,2.6,7.4,0.0383,Southern_California.20200206.stacov.point-2020/06/05-22:30:52 
20200207,2020.1025,-23.4,24.0,-3.6,rrr,2.3,2.6,7.5,0.0258,Southern_California.20200207.stacov.point-2020/06/06-22:27:54 
20200208,2020.1052,-23.7,23.5,-3.6,rrr,2.2,2.5,7.3,-0.0158,Southern_California.20200208.stacov.point-2020/06/07-22:29:58 
20200209,2020.108,-23.0,24.3,4.1,rrr,2.3,2.7,7.5,0.0221,Southern_California.20200209.stacov.point-2020/06/08-22:27:53 
20200210,2020.1107,-23.6,23.3,1.5,rrr,2.3,2.7,7.7,0.0017,Southern_California.20200210.stacov.point-2020/06/09-22:27:56 
20200211,2020.1134,-24.2,23.1,3.9,rrr,2.2,2.6,7.4,0.0364,Southern_California.20200211.stacov.point-2020/06/10-22:30:03 
20200212,2020.1162,-22.5,23.3,-3.8,rrr,2.2,2.6,7.4,0.0322,Southern_California.20200212.stacov.point-2020/06/11-22:28:53 
20200213,2020.1189,-22.4,23.7,-6.5,rrr,2.3,2.7,7.7,-0.0003,Southern_California.20200213.stacov.point-2020/06/12-22:27:44 
20200214,2020.1216,-23.9,24.6,-4.8,rrr,2.3,2.7,7.7,-0.013,Southern_California.20200214.stacov.point-2020/06/13-22:28:52 
20200215,2020.1244,-23.2,23.9,-3.7,rrr,2.3,2.7,7.5,0.0111,Southern_California.20200215.stacov.point-2020/06/14-22:29:17 
20200216,2020.1271,-23.1,23.3,-2.2,rrr,2.2,2.7,7.4,0.0273,Southern_California.20200216.stacov.point-2020/06/15-22:27:40 
20200217,2020.1299,-24.4,22.0,-0.7,rrr,2.3,2.6,7.5,0.0228,Southern_California.20200217.stacov.point-2020/06/16-22:29:14 
20200218,2020.1326,-22.3,24.4,-1.7,rrr,2.3,2.7,7.7,-0.0035,Southern_California.20200218.stacov.point-2020/06/17-22:29:20 
20200219,2020.1353,-20.7,23.3,1.9,rrr,2.3,2.7,7.5,0.0239,Southern_California.20200219.stacov.point-2020/06/18-22:29:19 
20200220,2020.1381,-22.6,23.9,-3.6,rrr,2.3,2.7,7.7,0.012,Southern_California.20200220.stacov.point-2020/06/19-22:28:58 
20200221,2020.1408,-21.3,23.2,3.8,rrr,2.3,2.7,7.7,-0.0002,Southern_California.20200221.stacov.point-2020/06/20-22:29:20 
20200222,2020.1435,-24.2,22.1,-0.9,rrr,2.3,2.6,8.0,-0.0344,Southern_California.20200222.stacov.point-2020/06/21-22:28:29 
20200223,2020.1463,-22.8,22.2,4.7,rrr,2.3,2.7,7.7,-0.0085,Southern_California.20200223.stacov.point-2020/06/22-22:27:51 
20200224,2020.149,-20.6,21.7,-4.7,rrr,2.2,2.6,7.4,0.0379,Southern_California.20200224.stacov.point-2020/06/23-22:27:40 
20200225,2020.1518,-22.8,22.3,-4.2,rrr,2.2,2.7,7.4,0.0363,Southern_California.20200225.stacov.point-2020/06/24-22:28:45 
20200226,2020.1545,-22.1,20.8,-0.5,rrr,2.2,2.7,7.4,0.0324,Southern_California.20200226.stacov.point-2020/06/25-22:29:25 
20200227,2020.1572,-22.9,21.7,-1.8,rrr,2.2,2.7,7.4,0.038,Southern_California.20200227.stacov.point-2020/06/26-22:27:38 
20200228,2020.16,-22.1,19.9,-1.7,rrr,2.2,2.5,7.3,-0.0171,Southern_California.20200228.stacov.point-2020/06/27-22:30:13 
20200229,2020.1627,-21.5,19.2,-3.7,rrr,2.2,2.7,7.4,0.0358,Southern_California.20200229.stacov.point-2020/06/28-22:29:53 
20200301,2020.1655,-22.2,19.7,-0.7,rrr,2.2,2.7,7.4,0.0421,Southern_California.20200301.stacov.point-2020/06/29-22:30:53 
20200302,2020.1682,-23.9,20.3,-0.4,rrr,2.3,2.7,7.6,0.0084,Southern_California.20200302.stacov.point-2020/06/30-22:30:11 
20200303,2020.1709,-23.7,20.2,2.7,rrr,2.2,2.7,7.4,0.0386,Southern_California.20200303.stacov.point-2020/07/01-22:28:09 
20200304,2020.1737,-21.8,20.4,-0.8,rrr,2.2,2.5,7.3,-0.0101,Southern_California.20200304.stacov.point-2020/07/02-22:31:30 
20200305,2020.1764,-21.1,20.9,-2.2,rrr,2.2,2.7,7.4,0.0412,Southern_California.20200305.stacov.point-2020/07/03-22:30:00 
20200306,2020.1791,-20.8,22.0,-4.5,rrr,2.2,2.7,7.4,0.0336,Southern_California.20200306.stacov.point-2020/07/04-22:29:09 
20200307,2020.1819,-20.1,21.7,0.5,rrr,2.2,2.5,7.3,-0.0158,Southern_California.20200307.stacov.point-2020/07/05-22:30:32 
20200308,2020.1845,-21.4,20.4,5.0,rrr,2.3,2.7,7.7,-0.0046,Southern_California.20200308.stacov.point-2020/07/06-22:31:29 
20200309,2020.1872,-21.4,21.5,-2.7,rrr,2.3,2.7,7.7,-0.0024,Southern_California.20200309.stacov.point-2020/07/07-22:28:18 
20200310,2020.19,-22.9,21.2,-0.3,rrr,2.4,2.8,8.2,-0.0106,Southern_California.20200310.stacov.point-2020/07/08-22:31:45 
20200311,2020.1927,-21.2,20.6,-2.0,rrr,2.3,2.7,7.7,-0.0157,Southern_California.20200311.stacov.point-2020/07/09-22:32:07 
20200312,2020.1955,-21.1,18.8,0.4,rrr,2.3,2.7,7.7,-0.0143,Southern_California.20200312.stacov.point-2020/07/10-22:31:20 
20200313,2020.1982,-21.7,20.7,-1.7,rrr,2.3,2.7,7.7,-0.0155,Southern_California.20200313.stacov.point-2020/07/11-22:31:09 
20200314,2020.2009,-21.0,20.6,-1.7,rrr,2.3,2.7,7.7,-0.0217,Southern_California.20200314.stacov.point-2020/07/12-22:29:12 
20200315,2020.2037,-20.1,20.1,-1.0,rrr,2.3,2.7,7.7,-0.0114,Southern_California.20200315.stacov.point-2020/07/13-22:27:34 
20200316,2020.2064,-21.0,20.0,2.7,rrr,2.3,2.7,7.7,-0.0168,Southern_California.20200316.stacov.point-2020/07/14-22:28:16 
20200317,2020.2091,-21.5,19.6,-1.3,rrr,2.3,2.7,7.7,-0.0213,Southern_California.20200317.stacov.point-2020/07/15-22:29:33 
20200318,2020.2119,-20.8,20.9,2.4,rrr,2.3,2.7,7.7,-0.0154,Southern_California.20200318.stacov.point-2020/07/16-22:30:47 
20200319,2020.2146,-20.6,21.7,2.6,rrr,2.7,2.8,8.8,-0.0866,Southern_California.20200319.stacov.point-2020/07/17-22:27:00 
20200320,2020.2174,-21.5,19.8,5.4,rrr,2.4,2.8,8.1,-0.0498,Southern_California.20200320.stacov.point-2020/07/18-22:29:00 
20200321,2020.2201,-21.4,20.2,-4.3,rrr,2.3,2.7,7.7,-0.0122,Southern_California.20200321.stacov.point-2020/07/19-22:27:24 
20200322,2020.2228,-20.4,22.1,-2.4,rrr,2.3,2.7,7.7,-0.0259,Southern_California.20200322.stacov.point-2020/07/20-22:31:15 
20200323,2020.2256,-21.0,20.2,4.8,rrr,2.3,2.7,7.7,-0.0173,Southern_California.20200323.stacov.point-2020/07/21-22:28:22 
20200324,2020.2283,-20.9,18.7,-3.3,rrr,2.3,2.7,7.7,-0.0096,Southern_California.20200324.stacov.point-2020/07/22-22:26:50 
20200325,2020.231,-20.6,18.2,-6.0,rrr,2.3,2.7,7.7,-0.0197,Southern_California.20200325.stacov.point-2020/07/23-22:29:11 
20200326,2020.2338,-21.5,18.1,-2.5,rrr,2.3,2.7,7.7,-0.0236,Southern_California.20200326.stacov.point-2020/07/24-22:27:28 
20200327,2020.2365,-21.8,17.0,5.5,rrr,2.3,2.7,7.7,-0.0195,Southern_California.20200327.stacov.point-2020/07/25-22:29:49 
20200328,2020.2393,-19.4,18.7,-5.0,rrr,2.4,2.7,7.7,-0.0202,Southern_California.20200328.stacov.point-2020/07/26-22:27:44 
20200329,2020.242,-20.0,18.8,-4.9,rrr,2.3,2.7,7.6,-0.0143,Southern_California.20200329.stacov.point-2020/07/27-22:26:49 
20200330,2020.2447,-20.6,17.9,-2.7,rrr,2.3,2.7,7.7,-0.0173,Southern_California.20200330.stacov.point-2020/07/28-22:26:40 
20200331,2020.2475,-20.6,18.1,-5.0,rrr,2.3,2.7,7.7,-0.0233,Southern_California.20200331.stacov.point-2020/07/29-22:27:14 
20200401,2020.2502,-20.6,17.0,-3.3,rrr,2.3,2.6,7.6,-0.0625,Southern_California.20200401.stacov.point-2020/07/30-22:28:23 
20200402,2020.253,-20.8,18.4,0.9,rrr,2.3,2.7,7.7,-0.0255,Southern_California.20200402.stacov.point-2020/07/31-22:27:24 
20200403,2020.2557,-18.7,18.2,-0.6,rrr,2.3,2.7,7.7,-0.0204,Southern_California.20200403.stacov.point-2020/08/01-22:26:41 
20200404,2020.2584,-20.0,17.7,-2.0,rrr,2.3,2.7,7.7,-0.0174,Southern_California.20200404.stacov.point-2020/08/02-22:27:06 
20200405,2020.2612,-20.6,17.1,2.5,rrr,2.4,2.7,7.7,-0.0192,Southern_California.20200405.stacov.point-2020/08/03-22:29:32 
20200406,2020.2639,-20.4,17.2,6.7,rrr,2.3,2.7,7.7,-0.0209,Southern_California.20200406.stacov.point-2020/08/04-22:26:20 
20200407,2020.2666,-20.4,17.3,1.9,rrr,2.3,2.7,8.0,-0.0624,Southern_California.20200407.stacov.point-2020/08/05-22:26:52 
20200408,2020.2694,-19.5,17.4,-2.6,rrr,2.3,2.7,7.7,-0.0177,Southern_California.20200408.stacov.point-2020/08/06-22:30:14 
20200409,2020.2721,-20.2,17.1,-2.4,rrr,2.3,2.7,7.7,-0.0181,Southern_California.20200409.stacov.point-2020/08/07-22:28:29 
20200410,2020.2749,-19.6,17.5,-3.6,rrr,2.3,2.7,7.7,-0.0267,Southern_California.20200410.stacov.point-2020/08/08-22:28:39 
20200411,2020.2776,-20.4,16.2,-3.2,rrr,2.3,2.7,7.7,-0.0198,Southern_California.20200411.stacov.point-2020/08/09-22:29:34 
20200412,2020.2803,-19.9,16.1,-0.1,rrr,2.4,2.7,7.7,-0.0245,Southern_California.20200412.stacov.point-2020/08/10-22:29:43 
20200413,2020.2831,-19.4,17.6,-2.6,rrr,2.4,2.7,7.9,-0.0582,Southern_California.20200413.stacov.point-2020/08/11-22:28:30 
20200414,2020.2858,-19.1,18.4,-3.8,rrr,2.3,2.7,7.7,-0.0224,Southern_California.20200414.stacov.point-2020/08/12-22:28:09 
20200415,2020.2885,-19.3,17.5,-2.6,rrr,2.3,2.7,7.7,-0.0165,Southern_California.20200415.stacov.point-2020/08/13-22:29:58 
20200416,2020.2913,-17.7,16.9,-1.9,rrr,2.3,2.7,7.7,-0.0279,Southern_California.20200416.stacov.point-2020/08/14-22:27:40 
20200417,2020.294,-18.4,16.4,-4.5,rrr,2.3,2.7,7.7,-0.0188,Southern_California.20200417.stacov.point-2020/08/15-22:27:50 
20200418,2020.2968,-21.0,17.3,3.4,rrr,2.3,2.7,7.7,-0.012,Southern_California.20200418.stacov.point-2020/08/16-22:27:45 
20200419,2020.2995,-17.7,17.7,4.4,rrr,2.4,2.7,7.7,-0.014,Southern_California.20200419.stacov.point-2020/08/17-22:28:31 
20200420,2020.3022,-19.1,17.7,-3.0,rrr,2.3,2.7,7.7,-0.0247,Southern_California.20200420.stacov.point-2020/08/18-22:27:22 
20200421,2020.305,-17.1,17.1,1.6,rrr,2.3,2.7,7.7,-0.018,Southern_California.20200421.stacov.point-2020/08/19-22:28:26 
20200422,2020.3077,-17.6,17.5,-1.2,rrr,2.3,2.7,7.7,-0.0204,Southern_California.20200422.stacov.point-2020/08/20-22:26:53 
20200423,2020.3104,-19.0,16.5,-4.9,rrr,2.4,2.7,7.9,-0.0464,Southern_California.20200423.stacov.point-2020/06/21-22:39:02 
20200424,2020.3132,-18.8,16.7,-1.1,rrr,2.4,2.7,7.7,-0.0174,Southern_California.20200424.stacov.point-2020/06/22-22:37:53 
20200425,2020.3159,-19.3,15.6,2.1,rrr,2.3,2.7,7.7,-0.0211,Southern_California.20200425.stacov.point-2020/06/23-22:37:38 
20200426,2020.3187,-17.2,16.3,-1.0,rrr,2.3,2.7,7.6,-0.0174,Southern_California.20200426.stacov.point-2020/08/24-22:26:26 
20200427,2020.3214,-18.8,17.0,-0.0,rrr,2.3,2.7,7.7,-0.0221,Southern_California.20200427.stacov.point-2020/08/25-22:27:15 
20200428,2020.3241,-19.8,14.7,-2.3,rrr,2.3,2.7,7.7,-0.0184,Southern_California.20200428.stacov.point-2020/08/26-22:28:24 
20200429,2020.3269,-18.3,16.9,-2.8,rrr,2.3,2.7,7.7,-0.0153,Southern_California.20200429.stacov.point-2020/08/27-22:28:59 
20200430,2020.3296,-19.4,16.1,1.2,rrr,2.3,2.7,7.7,-0.0133,Southern_California.20200430.stacov.point-2020/08/28-22:28:52 
20200501,2020.3324,-19.0,15.8,1.1,rrr,2.4,2.7,7.7,-0.0141,Southern_California.20200501.stacov.point-2020/08/29-22:28:08 
20200502,2020.3351,-17.6,16.7,0.3,rrr,2.4,2.7,7.7,-0.0198,Southern_California.20200502.stacov.point-2020/08/30-22:28:45 
20200503,2020.3378,-17.9,16.3,1.7,rrr,2.3,2.7,7.7,-0.0288,Southern_California.20200503.stacov.point-2020/08/31-22:29:29 
20200504,2020.3406,-16.9,15.6,-1.7,rrr,2.4,2.7,7.7,0.0018,Southern_California.20200504.stacov.point-2020/09/01-22:28:19 
20200505,2020.3433,-16.9,17.8,-2.3,rrr,2.4,2.7,7.7,-0.004,Southern_California.20200505.stacov.point-2020/09/02-22:27:47 
20200506,2020.346,-16.6,16.4,-2.2,rrr,2.3,2.7,7.7,-0.0141,Southern_California.20200506.stacov.point-2020/09/03-22:30:04 
20200507,2020.3488,-15.9,15.3,3.3,rrr,2.4,2.7,7.7,-0.0263,Southern_California.20200507.stacov.point-2020/09/04-22:26:58 
20200508,2020.3515,-17.0,15.6,0.6,rrr,2.3,2.8,7.7,-0.0581,Southern_California.20200508.stacov.point-2020/09/05-22:26:42 
20200509,2020.3543,-16.5,15.9,-8.6,rrr,2.3,2.7,7.7,-0.0433,Southern_California.20200509.stacov.point-2020/09/06-22:27:02 
20200510,2020.357,-17.2,17.0,-6.6,rrr,2.3,2.8,7.9,-0.0826,Southern_California.20200510.stacov.point-2020/09/07-22:26:57 
20200511,2020.3597,-17.1,15.2,1.1,rrr,2.3,2.7,7.7,-0.0208,Southern_California.20200511.stacov.point-2020/09/08-22:27:52 
20200512,2020.3625,-16.7,16.5,1.7,rrr,2.3,2.7,7.7,-0.0219,Southern_California.20200512.stacov.point-2020/09/09-22:26:57 
20200513,2020.3652,-17.1,16.1,-1.9,rrr,2.3,2.7,7.7,-0.0252,Southern_California.20200513.stacov.point-2020/09/10-22:29:17 
20200514,2020.3679,-17.0,15.5,-1.2,rrr,2.3,2.7,7.7,-0.0254,Southern_California.20200514.stacov.point-2020/09/11-22:27:00 
20200515,2020.3707,-16.5,15.7,-3.0,rrr,2.4,2.7,7.7,-0.0101,Southern_California.20200515.stacov.point-2020/09/12-22:27:11 
20200516,2020.3734,-17.1,15.6,-1.1,rrr,2.3,2.7,7.7,-0.011,Southern_California.20200516.stacov.point-2020/09/13-22:28:48 
20200517,2020.3762,-17.0,16.1,1.1,rrr,2.3,2.7,7.7,-0.0229,Southern_California.20200517.stacov.point-2020/09/14-22:28:38 
20200518,2020.3789,-16.6,16.0,0.5,rrr,2.3,2.7,7.7,-0.0232,Southern_California.20200518.stacov.point-2020/09/15-22:27:50 
20200519,2020.3816,-16.5,14.9,2.8,rrr,2.3,2.7,7.7,-0.0174,Southern_California.20200519.stacov.point-2020/09/16-22:29:29 
20200520,2020.3844,-16.5,14.9,-0.3,rrr,2.3,2.7,7.7,-0.0188,Southern_California.20200520.stacov.point-2020/09/17-22:30:13 
20200521,2020.3871,-18.6,16.1,-1.2,rrr,2.3,2.7,7.7,-0.012,Southern_California.20200521.stacov.point-2020/09/18-22:28:29 
20200522,2020.3898,-18.1,13.5,-0.0,rrr,2.4,2.7,8.0,-0.0435,Southern_California.20200522.stacov.point-2020/09/19-22:28:55 
20200523,2020.3926,-17.0,14.7,4.3,rrr,2.3,2.7,7.7,-0.0256,Southern_California.20200523.stacov.point-2020/09/20-22:29:12 
20200524,2020.3953,-17.2,15.8,-3.1,rrr,2.3,2.7,7.7,-0.0137,Southern_California.20200524.stacov.point-2020/09/21-22:28:46 
20200525,2020.3981,-15.4,15.9,-2.7,rrr,2.3,2.7,7.7,-0.028,Southern_California.20200525.stacov.point-2020/09/22-22:27:51 
20200526,2020.4008,-15.0,14.2,0.6,rrr,2.3,2.7,7.7,-0.0151,Southern_California.20200526.stacov.point-2020/09/23-22:30:03 
20200527,2020.4035,-14.6,15.0,3.0,rrr,2.3,2.7,7.7,-0.015,Southern_California.20200527.stacov.point-2020/09/24-22:28:59 
20200528,2020.4063,-15.2,14.5,1.1,rrr,2.3,2.7,7.7,-0.0278,Southern_California.20200528.stacov.point-2020/09/25-22:28:04 
20200529,2020.409,-15.4,15.9,1.0,rrr,2.3,2.6,7.7,-0.0177,Southern_California.20200529.stacov.point-2020/09/26-22:27:52 
20200530,2020.4117,-14.7,14.3,-1.1,rrr,2.3,2.8,8.1,0.0036,Southern_California.20200530.stacov.point-2020/09/27-22:27:58 
20200531,2020.4145,-15.5,15.5,-1.8,rrr,2.3,2.6,7.7,-0.0249,Southern_California.20200531.stacov.point-2020/09/28-22:27:54 
20200601,2020.4172,-15.3,13.5,-0.3,rrr,2.3,2.7,7.7,-0.0169,Southern_California.20200601.stacov.point-2020/09/29-22:29:06 
20200602,2020.42,-15.6,13.8,-3.4,rrr,2.3,2.7,7.7,-0.0146,Southern_California.20200602.stacov.point-2020/09/30-22:29:49 
20200603,2020.4227,-15.0,13.8,1.9,rrr,2.3,2.7,7.7,-0.0197,Southern_California.20200603.stacov.point-2020/10/01-22:31:59 
20200604,2020.4254,-13.3,14.3,-2.9,rrr,2.5,2.7,8.1,-0.0357,Southern_California.20200604.stacov.point-2020/10/02-22:30:34 
20200605,2020.4282,-17.0,13.7,2.7,rrr,2.5,2.9,8.2,0.0056,Southern_California.20200605.stacov.point-2020/10/03-22:30:48 
20200606,2020.4309,-13.4,13.7,-1.5,rrr,2.4,2.9,8.2,0.0127,Southern_California.20200606.stacov.point-2020/10/04-22:29:11 
20200607,2020.4337,-14.8,11.5,0.1,rrr,2.4,2.7,7.9,-0.0092,Southern_California.20200607.stacov.point-2020/10/05-22:27:03 
20200608,2020.4364,-12.4,12.0,2.3,rrr,2.4,2.9,8.0,0.0272,Southern_California.20200608.stacov.point-2020/10/06-22:30:08 
20200609,2020.4391,-14.1,12.9,5.8,rrr,2.4,2.9,8.2,0.0107,Southern_California.20200609.stacov.point-2020/10/07-22:28:57 
20200610,2020.4419,-13.8,13.2,1.1,rrr,2.4,2.9,8.0,0.0306,Southern_California.20200610.stacov.point-2020/10/08-22:32:09 
20200611,2020.4446,-15.6,12.6,-5.9,rrr,2.4,2.9,8.2,0.0108,Southern_California.20200611.stacov.point-2020/10/09-22:26:54 
20200612,2020.4473,-13.9,14.8,-1.7,rrr,2.3,2.7,7.7,-0.0274,Southern_California.20200612.stacov.point-2020/10/10-22:27:58 
20200613,2020.4501,-12.4,13.9,2.5,rrr,2.3,2.7,7.7,-0.016,Southern_California.20200613.stacov.point-2020/10/11-22:29:14 
20200614,2020.4528,-13.8,13.4,2.8,rrr,2.3,2.7,7.7,-0.0121,Southern_California.20200614.stacov.point-2020/10/12-22:32:19 
20200615,2020.4556,-14.2,14.1,7.0,rrr,2.3,2.7,7.7,-0.019,Southern_California.20200615.stacov.point-2020/10/13-22:31:30 
20200616,2020.4583,-14.5,14.7,3.8,rrr,2.3,2.7,7.7,-0.0206,Southern_California.20200616.stacov.point-2020/10/14-22:29:57 
20200617,2020.461,-13.9,13.7,4.6,rrr,2.3,2.7,7.7,-0.0233,Southern_California.20200617.stacov.point-2020/10/15-22:30:18 
20200618,2020.4638,-14.6,13.7,2.6,rrr,2.3,2.7,7.7,-0.0136,Southern_California.20200618.stacov.point-2020/10/16-22:27:58 
20200619,2020.4665,-15.3,14.5,1.8,rrr,2.3,2.7,7.7,-0.0184,Southern_California.20200619.stacov.point-2020/10/17-22:27:37 
20200620,2020.4692,-13.7,12.7,-1.7,rrr,2.3,2.7,7.7,-0.0311,Southern_California.20200620.stacov.point-2020/10/18-22:28:57 
20200621,2020.472,-13.4,12.5,0.5,rrr,2.3,2.7,7.7,-0.0289,Southern_California.20200621.stacov.point-2020/10/19-22:28:05 
20200622,2020.4747,-12.1,12.6,1.0,rrr,2.3,2.7,7.7,-0.0254,Southern_California.20200622.stacov.point-2020/10/20-22:31:59 
20200623,2020.4775,-14.5,11.4,3.5,rrr,2.4,2.7,7.9,-0.0311,Southern_California.20200623.stacov.point-2020/10/21-22:29:25 
20200624,2020.4802,-12.9,11.5,-2.4,rrr,2.3,2.7,7.7,-0.0332,Southern_California.20200624.stacov.point-2020/10/22-22:30:06 
20200625,2020.4829,-13.9,11.6,1.7,rrr,2.3,2.7,7.7,-0.0218,Southern_California.20200625.stacov.point-2020/10/23-22:29:35 
20200626,2020.4857,-13.5,13.0,0.7,rrr,2.5,2.9,8.2,-0.0353,Southern_California.20200626.stacov.point-2020/10/24-22:29:44 
20200627,2020.4884,-13.5,11.2,0.7,rrr,2.4,2.9,8.2,-0.0192,Southern_California.20200627.stacov.point-2020/10/25-22:27:50 
20200628,2020.4911,-15.1,12.2,1.0,rrr,2.5,2.9,8.2,-0.0089,Southern_California.20200628.stacov.point-2020/10/26-22:28:30 
20200629,2020.4939,-15.5,12.1,1.1,rrr,2.4,2.7,7.9,-0.0546,Southern_California.20200629.stacov.point-2020/10/27-22:32:07 
20200630,2020.4966,-13.8,12.9,-0.5,rrr,2.3,2.7,7.7,-0.0392,Southern_California.20200630.stacov.point-2020/10/28-22:28:17 
20200701,2020.4994,-13.9,13.6,7.9,rrr,2.3,2.7,7.7,-0.0299,Southern_California.20200701.stacov.point-2020/10/29-22:32:53 
20200702,2020.5021,-12.9,12.9,-3.2,rrr,2.3,2.7,7.7,-0.039,Southern_California.20200702.stacov.point-2020/10/30-22:30:51 
20200703,2020.5048,-12.8,12.2,-6.2,rrr,2.3,2.7,7.7,-0.0282,Southern_California.20200703.stacov.point-2020/10/31-22:31:19 
20200704,2020.5076,-13.0,12.6,-3.9,rrr,2.3,2.7,7.7,-0.0286,Southern_California.20200704.stacov.point-2020/11/01-22:27:36 
20200705,2020.5103,-14.1,12.2,-6.8,rrr,2.3,2.7,7.7,-0.0282,Southern_California.20200705.stacov.point-2020/11/02-22:27:35 
20200706,2020.5131,-13.2,11.7,-4.9,rrr,2.3,2.7,7.7,-0.0339,Southern_California.20200706.stacov.point-2020/11/03-22:29:54 
20200707,2020.5158,-14.0,11.4,-2.6,rrr,2.3,2.7,7.7,-0.0251,Southern_California.20200707.stacov.point-2020/11/04-22:30:32 
20200708,2020.5185,-12.4,10.6,1.5,rrr,2.3,2.7,7.7,-0.028,Southern_California.20200708.stacov.point-2020/11/05-22:30:04 
20200709,2020.5213,-13.6,9.7,-3.3,rrr,2.4,2.8,8.1,-0.0765,Southern_California.20200709.stacov.point-2020/11/06-22:31:12 
20200710,2020.524,-13.3,10.7,-3.2,rrr,2.4,2.7,7.9,-0.0094,Southern_California.20200710.stacov.point-2020/11/07-22:27:43 
20200711,2020.5267,-12.9,10.4,-1.7,rrr,2.4,2.9,8.2,0.0013,Southern_California.20200711.stacov.point-2020/11/08-22:31:07 
20200712,2020.5295,-12.3,12.7,-1.1,rrr,2.4,2.9,8.2,0.0053,Southern_California.20200712.stacov.point-2020/11/09-22:28:06 
20200713,2020.5322,-12.7,10.7,-3.7,rrr,2.4,2.7,7.9,-0.0121,Southern_California.20200713.stacov.point-2020/11/10-22:28:45 
20200714,2020.535,-12.3,10.9,0.1,rrr,2.4,2.9,8.2,0.0017,Southern_California.20200714.stacov.point-2020/11/11-22:29:23 
20200715,2020.5377,-13.9,11.0,-2.8,rrr,2.4,2.9,8.2,0.0023,Southern_California.20200715.stacov.point-2020/11/12-22:30:47 
20200716,2020.5404,-13.7,11.8,-5.2,rrr,2.4,2.9,8.2,0.0064,Southern_California.20200716.stacov.point-2020/11/13-22:29:17 
20200717,2020.5432,-11.8,10.7,-7.2,rrr,2.4,2.9,8.2,-0.0015,Southern_California.20200717.stacov.point-2020/11/14-22:28:52 
20200718,2020.5459,-13.3,11.4,-2.9,rrr,2.4,2.7,7.9,-0.0239,Southern_California.20200718.stacov.point-2020/11/15-22:30:13 
20200719,2020.5486,-13.8,10.4,-1.2,rrr,2.4,2.9,8.0,0.0261,Southern_California.20200719.stacov.point-2020/11/16-22:28:47 
20200720,2020.5514,-13.7,9.3,-8.8,rrr,2.4,2.9,8.2,0.0093,Southern_California.20200720.stacov.point-2020/11/17-22:30:37 
20200721,2020.5541,-14.3,9.9,-0.8,rrr,2.4,2.9,8.2,0.001,Southern_California.20200721.stacov.point-2020/11/18-22:29:27 
20200722,2020.5569,-13.5,11.3,2.9,rrr,2.4,2.7,7.9,-0.0205,Southern_California.20200722.stacov.point-2020/11/19-22:28:32 
20200723,2020.5596,-11.5,9.0,-1.4,rrr,2.4,2.7,7.9,-0.0169,Southern_California.20200723.stacov.point-2020/11/20-22:29:22 
20200724,2020.5623,-12.1,10.6,-3.1,rrr,2.4,2.9,8.0,0.0194,Southern_California.20200724.stacov.point-2020/11/21-22:27:59 
20200725,2020.5651,-12.0,9.2,-1.9,rrr,2.4,2.7,7.9,-0.004,Southern_California.20200725.stacov.point-2020/11/22-22:27:44 
20200726,2020.5678,-12.9,9.8,-1.5,rrr,2.4,2.9,8.2,-0.0011,Southern_California.20200726.stacov.point-2020/11/23-22:27:35 
20200727,2020.5705,-12.8,9.6,-0.4,rrr,2.4,2.9,8.2,0.0059,Southern_California.20200727.stacov.point-2020/11/24-22:27:18 
20200728,2020.5733,-12.6,9.1,-2.2,rrr,2.4,2.9,8.2,-0.0042,Southern_California.20200728.stacov.point-2020/11/25-22:27:06 
20200729,2020.576,-12.1,10.9,0.3,rrr,2.4,2.7,7.9,-0.0254,Southern_California.20200729.stacov.point-2020/11/26-22:29:32 
20200730,2020.5788,-12.6,8.7,-0.1,rrr,2.4,2.7,7.9,-0.0228,Southern_California.20200730.stacov.point-2020/11/27-22:27:45 
20200731,2020.5815,-12.5,11.4,-3.4,rrr,2.4,2.7,8.1,-0.0381,Southern_California.20200731.stacov.point-2020/11/28-22:27:55 
20200801,2020.5842,-12.5,8.9,-10.1,rrr,2.4,2.9,8.2,-0.009,Southern_California.20200801.stacov.point-2020/11/29-22:28:11 
20200802,2020.587,-11.9,9.0,1.6,rrr,2.4,2.7,7.9,-0.0136,Southern_California.20200802.stacov.point-2020/11/30-22:27:46 
20200803,2020.5897,-14.5,6.9,-8.5,rrr,2.3,2.7,7.7,-0.0304,Southern_California.20200803.stacov.point-2020/12/01-22:27:06 
20200804,2020.5925,-13.3,7.9,-4.2,rrr,2.4,2.9,8.2,-0.0088,Southern_California.20200804.stacov.point-2020/12/02-22:27:17 
20200805,2020.5952,-12.8,7.9,-0.9,rrr,2.4,2.7,7.9,-0.0224,Southern_California.20200805.stacov.point-2020/12/03-22:27:49 
20200806,2020.5979,-12.3,8.6,0.4,rrr,2.4,2.9,8.2,-0.0013,Southern_California.20200806.stacov.point-2020/12/04-22:28:55 
20200807,2020.6007,-11.9,9.1,-0.0,rrr,2.4,2.9,8.2,0.0089,Southern_California.20200807.stacov.point-2020/12/05-22:26:50 
20200808,2020.6034,-11.3,8.1,0.7,rrr,2.3,2.7,7.7,-0.0255,Southern_California.20200808.stacov.point-2020/12/06-22:27:21 
20200809,2020.6061,-12.6,8.1,-1.5,rrr,2.4,2.9,8.2,-0.0128,Southern_California.20200809.stacov.point-2020/12/07-22:27:18 
20200810,2020.6089,-11.3,8.9,-0.3,rrr,2.4,2.9,8.0,0.0085,Southern_California.20200810.stacov.point-2020/12/08-22:27:34 
20200811,2020.6116,-10.7,8.3,-4.3,rrr,2.4,2.9,8.2,-0.0006,Southern_California.20200811.stacov.point-2020/12/09-22:26:07 
20200812,2020.6144,-11.1,7.6,-4.8,rrr,2.4,2.8,8.2,-0.0028,Southern_California.20200812.stacov.point-2020/12/10-22:28:00 
20200813,2020.6171,-11.9,8.1,2.2,rrr,2.4,2.9,8.2,-0.0174,Southern_California.20200813.stacov.point-2020/12/11-22:27:58 
20200814,2020.6198,-12.5,8.4,-2.3,rrr,2.4,2.8,8.2,-0.0145,Southern_California.20200814.stacov.point-2020/12/12-22:27:36 
20200815,2020.6226,-12.3,7.4,-2.1,rrr,2.4,2.9,8.2,-0.0135,Southern_California.20200815.stacov.point-2020/12/13-22:27:04 
20200816,2020.6253,-11.7,9.0,2.8,rrr,2.4,2.9,8.2,0.0024,Southern_California.20200816.stacov.point-2020/12/14-22:28:03 
20200817,2020.628,-12.9,9.7,-4.7,rrr,2.4,2.9,8.2,0.0055,Southern_California.20200817.stacov.point-2020/12/15-22:29:10 
20200818,2020.6308,-11.4,7.8,-0.8,rrr,2.4,2.9,8.2,0.0014,Southern_California.20200818.stacov.point-2020/12/16-22:29:16 
20200819,2020.6335,-12.9,8.7,-0.4,rrr,2.4,2.9,8.2,-0.0055,Southern_California.20200819.stacov.point-2020/12/17-22:30:20 
20200820,2020.6363,-10.6,8.0,-4.6,rrr,2.4,2.9,8.2,-0.0165,Southern_California.20200820.stacov.point-2020/12/18-22:29:13 
20200821,2020.639,-10.2,8.4,-0.3,rrr,2.4,2.9,8.2,-0.0103,Southern_California.20200821.stacov.point-2020/12/19-22:29:21 
20200822,2020.6417,-11.2,6.6,1.3,rrr,2.4,2.9,8.2,-0.0096,Southern_California.20200822.stacov.point-2020/12/20-22:27:49 
20200823,2020.6445,-11.3,6.9,-6.3,rrr,2.4,2.9,8.2,-0.0016,Southern_California.20200823.stacov.point-2020/12/21-22:28:59 
20200824,2020.6472,-12.0,7.2,-4.6,rrr,2.4,2.8,8.1,-0.0521,Southern_California.20200824.stacov.point-2020/12/22-22:29:00 
20200825,2020.6499,-11.1,5.6,-1.5,rrr,2.4,2.9,8.2,-0.0073,Southern_California.20200825.stacov.point-2020/12/23-22:28:30 
20200826,2020.6527,-11.5,7.8,-4.7,rrr,2.4,2.9,8.2,-0.0191,Southern_California.20200826.stacov.point-2020/12/24-22:30:38 
20200827,2020.6554,-12.0,6.0,2.0,rrr,2.4,2.9,8.2,-0.0051,Southern_California.20200827.stacov.point-2020/12/25-22:29:53 
20200828,2020.6582,-10.4,7.1,0.3,rrr,2.4,2.9,8.2,0.0031,Southern_California.20200828.stacov.point-2020/12/26-22:28:42 
20200829,2020.6609,-10.0,6.7,0.8,rrr,2.4,2.9,8.2,-0.0064,Southern_California.20200829.stacov.point-2020/12/27-22:29:52 
20200830,2020.6636,-11.0,7.9,1.2,rrr,2.4,2.9,8.0,0.0134,Southern_California.20200830.stacov.point-2020/12/28-22:29:12 
20200831,2020.6664,-10.4,7.5,2.6,rrr,2.4,2.9,8.2,-0.0051,Southern_California.20200831.stacov.point-2020/12/29-22:27:44 
20200901,2020.6691,-9.4,5.3,3.8,rrr,2.4,2.9,8.2,-0.0072,Southern_California.20200901.stacov.point-2020/12/30-22:27:49 
20200902,2020.6719,-10.5,7.0,-2.7,rrr,2.4,2.9,8.2,-0.0105,Southern_California.20200902.stacov.point-2020/12/31-22:29:01 
20200903,2020.6746,-9.0,7.5,0.8,rrr,2.4,2.9,8.2,-0.0119,Southern_California.20200903.stacov.point-2021/01/01-22:27:26 
20200904,2020.6773,-9.8,6.2,-2.3,rrr,2.4,2.7,8.1,-0.043,Southern_California.20200904.stacov.point-2021/01/02-22:27:51 
20200905,2020.6801,-9.6,7.1,-8.0,rrr,2.4,2.9,8.2,-0.0131,Southern_California.20200905.stacov.point-2021/01/03-22:27:51 
20200906,2020.6828,-7.9,8.2,2.7,rrr,2.4,2.9,8.2,-0.0135,Southern_California.20200906.stacov.point-2021/01/04-22:27:57 
20200907,2020.6855,-12.7,6.3,-3.2,rrr,2.4,2.9,8.2,-0.0005,Southern_California.20200907.stacov.point-2021/01/05-22:27:28 
20200908,2020.6883,-10.3,6.0,-2.9,rrr,2.4,2.9,8.2,-0.0101,Southern_California.20200908.stacov.point-2021/01/06-22:27:15 
20200909,2020.691,-11.1,8.0,-4.8,rrr,2.4,2.9,8.2,-0.0015,Southern_California.20200909.stacov.point-2021/01/07-22:27:58 
20200910,2020.6938,-10.5,6.6,-2.9,rrr,2.4,2.9,8.2,-0.0061,Southern_California.20200910.stacov.point-2021/01/08-22:27:33 
20200911,2020.6965,-8.7,5.9,-5.5,rrr,2.4,3.0,8.4,-0.033,Southern_California.20200911.stacov.point-2021/01/09-22:27:31 
20200912,2020.6992,-9.2,5.6,-5.9,rrr,2.4,2.9,8.2,0.006,Southern_California.20200912.stacov.point-2021/01/10-22:27:40 
20200913,2020.702,-8.9,6.1,-4.2,rrr,2.3,2.7,7.7,-0.02,Southern_California.20200913.stacov.point-2021/01/11-22:27:36 
20200914,2020.7047,-7.7,6.4,-5.2,rrr,2.4,2.7,8.1,-0.0439,Southern_California.20200914.stacov.point-2021/01/12-22:27:46 
20200915,2020.7074,-8.1,7.7,-4.0,rrr,2.6,2.8,8.6,-0.0447,Southern_California.20200915.stacov.point-2021/01/13-22:27:34 
20200916,2020.7102,-8.1,7.1,-7.2,rrr,2.6,2.9,8.6,-0.0456,Southern_California.20200916.stacov.point-2021/01/14-22:28:30 
20200917,2020.7129,-9.5,8.0,-3.6,rrr,2.4,2.9,8.2,-0.0213,Southern_California.20200917.stacov.point-2021/01/15-22:27:46 
20200918,2020.7157,-8.6,5.4,2.9,rrr,2.4,2.9,8.2,-0.0134,Southern_California.20200918.stacov.point-2021/01/16-22:27:54 
20200919,2020.7184,-7.5,5.6,-2.0,rrr,2.4,2.9,8.2,-0.0123,Southern_California.20200919.stacov.point-2021/01/17-22:28:02 
20200920,2020.7211,-8.4,7.8,-9.9,rrr,2.4,2.9,8.2,-0.0073,Southern_California.20200920.stacov.point-2021/01/18-22:27:51 
20200921,2020.7239,-7.2,6.0,-4.5,rrr,2.4,2.9,8.2,-0.0209,Southern_California.20200921.stacov.point-2021/01/19-22:28:01 
20200922,2020.7266,-9.0,6.2,-8.4,rrr,2.5,2.9,8.2,0.0113,Southern_California.20200922.stacov.point-2021/01/20-22:27:32 
20200923,2020.7293,-8.8,5.3,-8.2,rrr,2.5,2.8,8.2,0.0072,Southern_California.20200923.stacov.point-2021/01/21-22:28:28 
20200924,2020.7321,-8.6,5.5,-5.5,rrr,2.5,2.9,8.2,-0.0151,Southern_California.20200924.stacov.point-2021/01/22-22:27:31 
20200925,2020.7348,-8.3,5.4,-2.8,rrr,2.3,2.7,7.7,-0.0274,Southern_California.20200925.stacov.point-2021/01/23-22:27:45 
20200926,2020.7376,-9.5,5.0,-0.8,rrr,2.4,2.7,7.9,-0.0452,Southern_California.20200926.stacov.point-2021/01/24-22:27:40 
20200927,2020.7403,-9.4,5.3,4.5,rrr,2.4,2.7,7.9,-0.0397,Southern_California.20200927.stacov.point-2021/01/25-22:27:43 
20200928,2020.743,-8.8,6.0,-3.8,rrr,2.4,2.7,8.1,-0.0603,Southern_California.20200928.stacov.point-2021/01/26-22:27:38 
20200929,2020.7458,-6.7,7.2,-2.5,rrr,2.4,2.7,8.1,-0.0487,Southern_California.20200929.stacov.point-2021/01/27-22:27:32 
20200930,2020.7485,-7.2,5.7,-4.7,rrr,2.4,2.7,8.1,-0.0346,Southern_California.20200930.stacov.point-2021/01/28-22:29:50 
20201001,2020.7513,-6.3,5.8,-2.2,rrr,2.4,2.9,8.2,-0.012,Southern_California.20201001.stacov.point-2021/01/29-22:30:22 
20201002,2020.754,-8.1,6.7,-3.5,rrr,2.4,2.9,8.2,-0.0214,Southern_California.20201002.stacov.point-2021/01/30-22:28:38 
20201003,2020.7567,-9.0,6.4,-3.9,rrr,2.4,2.7,8.1,-0.0705,Southern_California.20201003.stacov.point-2021/01/31-22:27:35 
20201004,2020.7595,-9.8,7.0,-6.3,rrr,2.4,2.9,8.2,-0.0196,Southern_California.20201004.stacov.point-2021/02/01-22:27:47 
20201005,2020.7622,-7.9,6.5,-7.3,rrr,2.4,2.7,8.1,-0.0534,Southern_California.20201005.stacov.point-2021/02/02-22:32:15 
20201006,2020.7649,-7.0,6.5,-6.4,rrr,2.4,2.9,8.2,-0.0169,Southern_California.20201006.stacov.point-2021/02/03-22:30:21 
20201007,2020.7677,-6.2,5.2,3.7,rrr,2.4,2.9,8.2,0.0061,Southern_California.20201007.stacov.point-2021/02/04-22:30:28 
20201008,2020.7704,-6.9,7.1,-0.8,rrr,2.4,2.8,8.2,0.0035,Southern_California.20201008.stacov.point-2021/02/05-22:26:41 
20201009,2020.7732,-8.3,7.2,-1.1,rrr,2.4,2.7,8.1,-0.0616,Southern_California.20201009.stacov.point-2021/02/06-22:27:20 
20201010,2020.7759,-8.2,6.0,-3.6,ppp,2.4,2.7,8.1,-0.0584,Southern_California.20201010.stacov.point-2020/10/12-04:54:33 
20201011,2020.7786,-8.0,5.9,-1.4,rrr,2.4,2.7,8.1,-0.0659,Southern_California.20201011.stacov.point-2021/02/08-22:27:07 
20201012,2020.7814,-4.8,6.1,-3.3,rrr,2.4,2.9,8.2,-0.0166,Southern_California.20201012.stacov.point-2020/12/10-22:40:24 
20201013,2020.7841,-7.2,4.9,-3.4,rrr,2.4,2.9,8.2,-0.0128,Southern_California.20201013.stacov.point-2021/02/10-22:31:17 
20201014,2020.7868,-6.8,5.2,1.2,rrr,2.4,2.7,8.1,-0.0624,Southern_California.20201014.stacov.point-2021/02/11-22:29:19 
20201015,2020.7896,-5.7,3.6,-2.6,rrr,2.4,2.7,8.1,-0.0677,Southern_California.20201015.stacov.point-2021/02/12-22:27:13 
20201016,2020.7923,-6.2,3.8,-0.8,rrr,2.4,2.9,8.2,-0.0161,Southern_California.20201016.stacov.point-2021/02/13-22:27:41 
20201017,2020.7951,-6.2,5.1,-4.5,rrr,2.4,2.9,8.2,-0.0134,Southern_California.20201017.stacov.point-2021/02/14-22:28:11 
20201018,2020.7978,-5.9,5.0,-6.8,rrr,2.4,2.7,8.1,-0.0595,Southern_California.20201018.stacov.point-2021/02/15-22:27:59 
20201019,2020.8005,-7.2,5.2,-0.7,rrr,2.4,2.9,8.2,-0.0175,Southern_California.20201019.stacov.point-2021/02/16-22:29:06 
20201020,2020.8033,-4.7,4.1,1.1,rrr,2.4,2.9,8.2,-0.0491,Southern_California.20201020.stacov.point-2021/02/17-22:27:08 
20201021,2020.806,-5.7,4.3,-4.1,rrr,2.4,2.9,8.2,-0.0031,Southern_California.20201021.stacov.point-2021/02/18-22:29:50 
20201022,2020.8087,-5.3,5.7,0.3,rrr,2.5,2.8,8.4,-0.0171,Southern_California.20201022.stacov.point-2021/02/19-22:32:52 
20201023,2020.8115,-5.4,4.0,-1.9,rrr,2.5,2.8,8.4,-0.0213,Southern_California.20201023.stacov.point-2021/02/20-22:28:24 
20201024,2020.8142,-6.0,3.5,-0.1,rrr,2.4,2.7,8.1,-0.062,Southern_California.20201024.stacov.point-2021/02/21-22:29:35 
20201025,2020.817,-5.6,4.2,-2.9,rrr,2.4,2.7,8.1,-0.0672,Southern_California.20201025.stacov.point-2021/02/22-22:28:04 
20201026,2020.8197,-5.2,4.2,-4.0,rrr,2.4,2.7,8.1,-0.0577,Southern_California.20201026.stacov.point-2021/02/23-22:32:11 
20201027,2020.8224,-9.1,6.2,3.5,ppp,2.4,2.9,8.2,-0.0151,Southern_California.20201027.stacov.point-2020/10/29-04:53:54 
20201028,2020.8252,-5.3,3.4,-0.5,rrr,2.4,2.7,8.1,-0.0736,Southern_California.20201028.stacov.point-2021/02/25-22:29:31 
20201029,2020.8279,-5.4,5.1,-4.0,rrr,2.5,2.8,8.2,0.0017,Southern_California.20201029.stacov.point-2021/02/26-22:29:51 
20201030,2020.8306,-5.5,3.9,-5.6,rrr,2.5,2.7,8.1,-0.053,Southern_California.20201030.stacov.point-2021/02/27-22:29:50 
20201031,2020.8334,-4.5,4.1,-4.9,rrr,2.4,2.9,8.2,-0.0134,Southern_California.20201031.stacov.point-2020/12/29-22:40:06 
20201101,2020.8362,-3.2,3.1,-2.8,rrr,2.5,2.9,8.2,-0.0054,Southern_California.20201101.stacov.point-2021/03/01-22:26:39 
20201102,2020.839,-3.7,2.5,-4.4,rrr,2.4,2.9,8.2,-0.017,Southern_California.20201102.stacov.point-2021/03/02-22:32:55 
20201103,2020.8417,-3.5,2.6,-2.7,rrr,2.4,2.7,8.1,-0.0685,Southern_California.20201103.stacov.point-2021/03/03-22:30:14 
20201104,2020.8445,-2.8,2.2,-7.3,rrr,2.5,2.9,8.4,-0.0734,Southern_California.20201104.stacov.point-2021/03/04-22:30:56 
20201105,2020.8472,-2.5,2.7,-4.3,rrr,2.4,2.8,8.1,-0.0845,Southern_California.20201105.stacov.point-2021/03/05-22:30:12 
20201106,2020.8499,-6.4,4.2,-1.9,ppp,2.4,2.9,8.2,-0.0123,Southern_California.20201106.stacov.point-2020/11/08-04:54:39 
20201107,2020.8527,-4.9,0.0,6.7,rrr,2.5,2.9,8.4,-0.0607,Southern_California.20201107.stacov.point-2021/03/07-22:31:32 
20201108,2020.8554,-5.9,1.5,4.3,rrr,2.5,2.9,8.4,-0.0433,Southern_California.20201108.stacov.point-2021/03/08-22:27:19 
20201109,2020.8581,-2.6,2.7,4.9,rrr,2.5,2.8,8.4,-0.0679,Southern_California.20201109.stacov.point-2021/03/09-22:32:35 
20201110,2020.8609,-4.8,2.8,-3.5,rrr,2.4,2.8,8.1,-0.0669,Southern_California.20201110.stacov.point-2021/03/10-22:32:58 
20201111,2020.8636,-3.2,1.4,5.4,rrr,2.4,2.9,8.2,-0.0161,Southern_California.20201111.stacov.point-2021/03/11-22:30:32 
20201112,2020.8664,-4.2,3.0,-1.6,rrr,2.4,2.9,8.2,-0.0296,Southern_California.20201112.stacov.point-2021/03/12-22:30:10 
20201113,2020.8691,-5.0,2.9,-2.7,rrr,2.5,3.0,8.6,-0.0612,Southern_California.20201113.stacov.point-2021/03/13-22:29:45 
20201114,2020.8718,-3.5,0.9,-0.1,rrr,2.4,2.7,8.1,-0.0691,Southern_California.20201114.stacov.point-2021/03/14-22:30:11 
20201115,2020.8746,-3.7,2.2,-5.6,rrr,2.4,2.9,8.2,-0.02,Southern_California.20201115.stacov.point-2021/03/15-22:30:29 
20201116,2020.8773,-3.6,3.7,3.2,rrr,2.4,2.9,8.4,-0.0547,Southern_California.20201116.stacov.point-2021/03/16-22:29:01 
20201117,2020.88,-2.7,1.8,2.8,rrr,2.5,3.0,8.7,-0.0143,Southern_California.20201117.stacov.point-2021/03/17-22:28:56 
20201118,2020.8828,-1.9,1.3,3.1,rrr,2.5,2.9,8.4,-0.0264,Southern_California.20201118.stacov.point-2021/03/18-22:30:26 
20201119,2020.8855,-3.5,2.8,-0.3,rrr,2.4,2.9,8.2,-0.0212,Southern_California.20201119.stacov.point-2021/03/19-22:28:59 
20201120,2020.8883,-2.6,3.7,-5.3,rrr,2.6,2.9,8.6,-0.0805,Southern_California.20201120.stacov.point-2021/03/20-22:28:49 
20201121,2020.891,-3.2,2.3,6.2,rrr,2.5,3.0,8.7,-0.0239,Southern_California.20201121.stacov.point-2021/03/21-22:28:34 
20201122,2020.8937,-2.9,2.2,1.3,rrr,2.4,2.9,8.2,-0.0124,Southern_California.20201122.stacov.point-2021/03/22-22:28:50 
20201123,2020.8965,-3.3,1.5,2.6,rrr,2.4,2.9,8.2,0.0019,Southern_California.20201123.stacov.point-2021/03/23-22:29:53 
20201124,2020.8992,-2.5,1.6,2.4,rrr,2.4,2.9,8.2,0.0118,Southern_California.20201124.stacov.point-2021/03/24-22:30:38 
20201125,2020.9019,-2.6,1.5,-2.5,rrr,2.4,2.9,8.2,-0.0164,Southern_California.20201125.stacov.point-2021/03/25-22:30:14 
20201126,2020.9047,-2.8,1.0,-2.3,rrr,2.4,2.9,8.2,-0.0177,Southern_California.20201126.stacov.point-2021/03/26-22:29:29 
20201127,2020.9074,-3.1,1.6,4.9,rrr,2.4,2.9,8.2,-0.0227,Southern_California.20201127.stacov.point-2021/03/27-22:28:41 
20201128,2020.9102,-3.6,2.2,3.9,rrr,2.5,2.9,8.2,-0.0232,Southern_California.20201128.stacov.point-2021/03/28-22:28:28 
20201129,2020.9129,-1.7,1.3,5.4,rrr,2.6,2.9,8.6,-0.0257,Southern_California.20201129.stacov.point-2021/03/29-22:30:25 
20201130,2020.9156,-2.5,1.1,0.3,rrr,2.5,2.9,8.6,-0.0363,Southern_California.20201130.stacov.point-2021/03/30-22:29:33 
20201201,2020.9184,-3.2,0.9,1.3,rrr,2.4,2.9,8.2,-0.018,Southern_California.20201201.stacov.point-2021/03/31-22:28:03 
20201202,2020.9211,-1.8,2.0,1.2,rrr,2.4,2.9,8.2,-0.0255,Southern_California.20201202.stacov.point-2021/04/01-22:28:08 
20201203,2020.9239,-2.0,0.6,-0.7,rrr,2.4,2.9,8.2,-0.0142,Southern_California.20201203.stacov.point-2021/01/31-22:39:26 
20201204,2020.9266,-1.8,0.3,-2.5,rrr,2.4,2.9,8.2,-0.0152,Southern_California.20201204.stacov.point-2021/04/03-22:29:14 
20201205,2020.9293,-1.2,0.1,-1.6,rrr,2.4,2.9,8.2,0.0028,Southern_California.20201205.stacov.point-2021/04/04-22:29:34 
20201206,2020.9321,-1.3,0.0,-5.3,rrr,2.4,2.9,8.2,-0.0254,Southern_California.20201206.stacov.point-2021/04/05-22:28:37 
20201207,2020.9348,-2.5,0.2,-3.0,rrr,2.4,2.9,8.2,-0.029,Southern_California.20201207.stacov.point-2021/04/06-22:30:48 
20201208,2020.9375,-2.6,0.2,0.4,rrr,2.4,2.9,8.2,-0.0135,Southern_California.20201208.stacov.point-2021/04/07-22:32:37 
20201209,2020.9403,-1.9,0.0,-0.5,rrr,2.4,2.9,8.2,-0.0185,Southern_California.20201209.stacov.point-2021/04/08-22:31:22 
20201210,2020.943,-1.0,-0.9,5.7,rrr,2.4,2.9,8.2,-0.0122,Southern_California.20201210.stacov.point-2021/04/09-22:33:53 
20201211,2020.9458,-1.6,-0.3,1.3,rrr,2.4,2.9,8.2,-0.0125,Southern_California.20201211.stacov.point-2021/04/10-22:34:13 
20201212,2020.9485,-2.5,0.8,2.0,rrr,2.4,2.7,8.1,-0.0633,Southern_California.20201212.stacov.point-2021/02/09-22:45:42 
20201213,2020.9512,-2.0,0.3,2.6,rrr,2.4,2.8,8.2,-0.0155,Southern_California.20201213.stacov.point-2021/04/12-22:31:29 
20201214,2020.954,-0.7,-0.6,9.1,rrr,2.4,2.9,8.2,-0.0091,Southern_California.20201214.stacov.point-2021/04/13-22:29:20 
20201215,2020.9567,0.2,-0.2,5.0,rrr,2.4,2.8,8.2,-0.0141,Southern_California.20201215.stacov.point-2021/04/14-22:28:46 
20201216,2020.9594,0.2,-0.4,6.1,rrr,2.4,2.9,8.2,-0.0166,Southern_California.20201216.stacov.point-2021/04/15-22:31:53 
20201217,2020.9622,-2.0,-0.4,3.0,rrr,2.4,2.9,8.2,-0.0152,Southern_California.20201217.stacov.point-2021/04/16-22:30:22 
20201218,2020.9649,-0.2,-0.3,1.4,rrr,2.4,2.9,8.2,-0.0096,Southern_California.20201218.stacov.point-2021/04/17-22:31:03 
20201219,2020.9677,0.9,0.1,2.3,rrr,2.4,2.9,8.4,-0.0493,Southern_California.20201219.stacov.point-2021/04/18-22:28:17 
20201220,2020.9704,-0.9,-0.3,5.7,rrr,2.5,2.9,8.4,-0.0388,Southern_California.20201220.stacov.point-2021/04/19-22:30:10 
20201221,2020.9731,0.8,-1.1,3.3,rrr,2.4,2.9,8.2,-0.0147,Southern_California.20201221.stacov.point-2021/04/20-22:30:56 
20201222,2020.9759,1.0,-1.0,-2.0,rrr,2.4,2.9,8.2,-0.0025,Southern_California.20201222.stacov.point-2021/04/21-22:30:49 
20201223,2020.9786,0.9,-0.3,2.3,rrr,2.4,3.0,8.2,-0.0264,Southern_California.20201223.stacov.point-2021/04/22-22:31:41 
20201224,2020.9813,1.2,-0.3,-1.5,rrr,2.5,3.0,8.6,-0.0468,Southern_California.20201224.stacov.point-2021/04/23-22:30:12 
20201225,2020.9841,0.6,0.5,3.0,rrr,2.4,2.9,8.2,-0.0255,Southern_California.20201225.stacov.point-2021/04/24-22:28:13 
20201226,2020.9868,1.7,0.2,3.9,rrr,2.4,2.9,8.2,-0.0114,Southern_California.20201226.stacov.point-2021/04/25-22:30:53 
20201227,2020.9896,1.0,-1.8,0.9,rrr,2.4,2.9,8.2,-0.0064,Southern_California.20201227.stacov.point-2021/04/26-22:30:31 
20201228,2020.9923,1.5,-0.5,3.0,rrr,2.4,2.9,8.4,-0.0397,Southern_California.20201228.stacov.point-2021/04/27-22:29:56 
20201229,2020.995,1.3,-1.2,3.4,rrr,2.4,2.9,8.2,-0.0206,Southern_California.20201229.stacov.point-2021/04/28-22:27:36 
20201230,2020.9978,2.3,-0.6,1.3,rrr,2.4,2.9,8.2,-0.0224,Southern_California.20201230.stacov.point-2021/04/29-22:29:23 
20201231,2021.0005,2.0,-2.2,7.3,rrr,2.4,2.9,8.2,-0.0108,Southern_California.20201231.stacov.point-2021/04/30-22:31:07 
20210103,2021.0087,1.3,0.2,-0.9,rrr,2.4,2.9,8.2,-0.0262,Southern_California.20210103.stacov.point-2021/05/03-22:29:37 
20210104,2021.0115,2.2,-1.0,-5.2,rrr,2.4,2.9,8.2,-0.0132,Southern_California.20210104.stacov.point-2021/05/04-22:29:37 
20210105,2021.0142,1.5,-1.7,-3.3,rrr,2.6,2.9,8.6,-0.0364,Southern_California.20210105.stacov.point-2021/05/05-22:30:58 
20210106,2021.0169,2.0,-1.3,1.8,rrr,2.4,2.8,8.2,-0.0169,Southern_California.20210106.stacov.point-2021/05/06-22:34:08 
20210107,2021.0197,2.1,-1.7,4.5,rrr,2.4,2.8,8.2,-0.0038,Southern_California.20210107.stacov.point-2021/05/07-22:30:30 
20210108,2021.0224,2.5,0.1,-1.8,rrr,2.4,2.9,8.2,-0.0168,Southern_California.20210108.stacov.point-2021/05/08-22:31:13 
20210109,2021.0252,3.5,-2.3,1.4,rrr,2.4,2.9,8.2,-0.0248,Southern_California.20210109.stacov.point-2021/05/09-22:31:13 
20210110,2021.0279,4.0,-0.5,2.7,rrr,2.4,2.9,8.2,-0.0186,Southern_California.20210110.stacov.point-2021/03/10-22:47:42 
20210111,2021.0306,4.4,-1.4,0.3,rrr,2.4,2.8,8.2,-0.0167,Southern_California.20210111.stacov.point-2021/03/11-22:46:11 
20210112,2021.0334,2.5,-0.8,-0.8,rrr,2.4,2.8,8.2,-0.0183,Southern_California.20210112.stacov.point-2021/03/12-22:43:25 
20210113,2021.0361,2.9,-0.4,-0.6,rrr,2.4,2.9,8.2,-0.0321,Southern_California.20210113.stacov.point-2021/03/13-22:43:33 
20210114,2021.0388,4.1,-1.1,1.6,rrr,2.4,2.9,8.2,-0.0194,Southern_California.20210114.stacov.point-2021/03/14-22:44:14 
20210115,2021.0416,3.1,-2.6,5.2,rrr,2.4,2.9,8.2,-0.01,Southern_California.20210115.stacov.point-2021/05/15-22:29:13 
20210116,2021.0443,3.5,-2.0,6.7,rrr,2.4,2.9,8.2,-0.0068,Southern_California.20210116.stacov.point-2021/05/16-22:29:14 
20210117,2021.0471,2.4,-2.5,4.1,rrr,2.4,2.9,8.2,-0.0175,Southern_California.20210117.stacov.point-2021/05/17-22:27:31 
20210118,2021.0498,2.7,-2.7,9.4,rrr,2.4,2.9,8.2,-0.0159,Southern_California.20210118.stacov.point-2021/05/18-22:27:27 
20210119,2021.0525,1.3,-2.7,6.6,rrr,2.4,2.9,8.2,-0.0209,Southern_California.20210119.stacov.point-2021/05/19-22:27:46 
20210120,2021.0553,2.9,-1.2,-0.2,rrr,2.5,2.9,8.6,-0.0482,Southern_California.20210120.stacov.point-2021/05/20-22:28:05 
20210121,2021.058,1.2,-2.8,5.0,rrr,2.4,2.9,8.4,-0.0399,Southern_California.20210121.stacov.point-2021/05/21-22:28:09 
20210122,2021.0607,1.8,-1.6,4.5,rrr,2.4,2.9,8.2,-0.011,Southern_California.20210122.stacov.point-2021/05/22-22:28:38 
20210123,2021.0635,1.5,-2.5,15.5,rrr,2.4,2.9,8.2,-0.0152,Southern_California.20210123.stacov.point-2021/05/23-22:27:15 
20210124,2021.0662,1.3,-1.9,3.8,rrr,2.4,2.9,8.2,-0.0085,Southern_California.20210124.stacov.point-2021/05/24-22:27:58 
20210125,2021.069,2.5,-3.5,13.8,rrr,2.4,2.9,8.4,-0.0469,Southern_California.20210125.stacov.point-2021/05/25-22:28:22 
20210126,2021.0717,3.3,-2.1,9.9,rrr,2.4,2.9,8.2,-0.0201,Southern_California.20210126.stacov.point-2021/05/26-22:27:14 
20210127,2021.0744,3.0,-1.7,6.7,rrr,2.4,2.9,8.2,-0.0163,Southern_California.20210127.stacov.point-2021/05/27-22:28:28 
20210128,2021.0772,3.6,-2.3,4.5,rrr,2.4,2.8,8.2,-0.0085,Southern_California.20210128.stacov.point-2021/05/28-22:28:59 
20210129,2021.0799,4.0,-2.6,6.1,rrr,2.4,2.8,8.4,-0.0391,Southern_California.20210129.stacov.point-2021/05/29-22:28:01 
20210130,2021.0827,4.4,-2.6,-1.6,rrr,2.4,2.9,8.2,-0.0256,Southern_California.20210130.stacov.point-2021/05/30-22:28:11 
20210131,2021.0854,4.4,-2.5,0.3,rrr,2.4,2.9,8.2,-0.0173,Southern_California.20210131.stacov.point-2021/05/31-22:27:36 
20210201,2021.0881,4.7,-3.0,1.1,rrr,2.4,2.8,8.2,-0.0123,Southern_California.20210201.stacov.point-2021/06/01-22:26:40 
20210202,2021.0909,4.7,-3.4,-0.7,rrr,2.4,2.9,8.2,-0.0186,Southern_California.20210202.stacov.point-2021/04/02-22:31:15 
20210203,2021.0936,3.8,-3.3,0.8,rrr,2.4,2.9,8.2,-0.0157,Southern_California.20210203.stacov.point-2021/04/03-22:41:36 
20210204,2021.0963,4.5,-3.8,0.1,rrr,2.5,2.9,8.6,-0.0545,Southern_California.20210204.stacov.point-2021/04/04-22:41:18 
20210205,2021.0991,3.6,-3.6,-0.6,rrr,2.5,3.0,8.7,-0.0087,Southern_California.20210205.stacov.point-2021/04/05-22:41:24 
20210206,2021.1018,5.2,-5.9,0.9,rrr,2.4,2.8,8.2,-0.0196,Southern_California.20210206.stacov.point-2021/04/06-22:46:07 
20210207,2021.1046,6.3,-4.5,2.7,rrr,2.4,2.8,8.2,-0.0119,Southern_California.20210207.stacov.point-2021/04/07-22:46:24 
20210208,2021.1073,5.8,-3.7,5.3,rrr,2.4,2.8,8.5,-0.0388,Southern_California.20210208.stacov.point-2021/04/08-22:48:20 
20210209,2021.11,6.1,-3.8,1.4,rrr,2.4,2.9,8.2,-0.0128,Southern_California.20210209.stacov.point-2021/04/09-22:50:41 
20210210,2021.1128,5.9,-4.7,6.3,rrr,2.4,2.9,8.2,-0.0143,Southern_California.20210210.stacov.point-2021/04/10-22:50:44 
20210211,2021.1155,5.8,-4.0,1.6,rrr,2.4,2.8,8.2,-0.0144,Southern_California.20210211.stacov.point-2021/04/11-22:37:44 
20210212,2021.1182,7.4,-5.0,3.1,rrr,2.4,2.8,8.2,-0.0197,Southern_California.20210212.stacov.point-2021/04/12-22:45:18 
20210213,2021.121,6.8,-4.9,8.2,rrr,2.4,2.8,8.2,-0.0106,Southern_California.20210213.stacov.point-2021/04/13-22:42:06 
20210214,2021.1237,7.1,-6.1,9.0,rrr,2.4,2.8,8.5,-0.0317,Southern_California.20210214.stacov.point-2021/04/14-22:41:57 
20210215,2021.1265,7.1,-5.1,2.9,rrr,2.4,2.8,8.5,-0.0352,Southern_California.20210215.stacov.point-2021/04/15-22:47:20 
20210216,2021.1292,6.1,-6.4,1.3,rrr,2.4,2.9,8.2,-0.015,Southern_California.20210216.stacov.point-2021/04/16-22:43:54 
20210217,2021.1319,5.9,-5.1,4.5,rrr,2.4,2.9,8.2,-0.0117,Southern_California.20210217.stacov.point-2021/04/17-22:45:36 
20210218,2021.1347,7.3,-4.9,2.3,rrr,2.5,3.0,8.7,-0.0112,Southern_California.20210218.stacov.point-2021/04/18-22:42:52 
20210219,2021.1374,5.9,-4.2,-3.5,rrr,2.5,2.8,8.6,-0.0504,Southern_California.20210219.stacov.point-2021/04/19-22:44:02 
20210220,2021.1401,5.2,-3.6,-1.7,rrr,2.4,2.8,8.5,-0.0225,Southern_California.20210220.stacov.point-2021/04/20-22:44:31 
20210221,2021.1429,6.1,-3.8,0.3,rrr,2.4,2.9,8.2,-0.0055,Southern_California.20210221.stacov.point-2021/06/21-23:09:03 
20210222,2021.1456,5.5,-4.4,3.3,rrr,2.4,2.9,8.2,-0.015,Southern_California.20210222.stacov.point-2021/04/22-22:46:51 
20210223,2021.1484,5.6,-4.4,8.4,rrr,2.4,2.9,8.2,-0.0162,Southern_California.20210223.stacov.point-2021/06/23-23:09:42 
20210224,2021.1511,4.2,-3.5,-5.0,rrr,2.4,2.9,8.2,-0.0157,Southern_California.20210224.stacov.point-2021/06/24-23:10:33 
20210225,2021.1538,6.2,-4.9,2.6,rrr,2.4,2.9,8.2,-0.0149,Southern_California.20210225.stacov.point-2021/04/25-22:44:48 
20210226,2021.1566,5.0,-6.1,6.4,rrr,2.4,2.9,8.2,-0.0192,Southern_California.20210226.stacov.point-2021/06/26-23:10:09 
20210227,2021.1593,5.8,-6.2,12.3,rrr,2.5,2.9,8.6,-0.0419,Southern_California.20210227.stacov.point-2021/06/27-23:09:28 
20210228,2021.1621,6.1,-6.0,6.6,rrr,2.4,2.9,8.2,-0.0065,Southern_California.20210228.stacov.point-2021/06/28-23:10:00 
20210301,2021.1648,6.0,-5.8,2.7,rrr,2.4,2.9,8.2,-0.0032,Southern_California.20210301.stacov.point-2021/06/29-23:10:15 
20210302,2021.1675,7.4,-6.2,8.2,rrr,2.4,2.9,8.2,-0.0053,Southern_California.20210302.stacov.point-2021/06/30-23:09:20 
20210303,2021.1703,8.3,-6.4,3.8,rrr,2.4,2.9,8.4,-0.0305,Southern_California.20210303.stacov.point-2021/07/01-23:11:11 
20210304,2021.173,6.7,-8.0,1.1,rrr,2.4,2.8,8.2,-0.0131,Southern_California.20210304.stacov.point-2021/05/02-22:35:31 
20210305,2021.1757,6.7,-5.2,-1.2,rrr,2.5,2.9,8.6,-0.0694,Southern_California.20210305.stacov.point-2021/07/03-23:09:35 
20210306,2021.1785,7.8,-6.9,0.4,rrr,2.5,2.9,8.6,-0.0593,Southern_California.20210306.stacov.point-2021/07/04-23:10:12 
20210307,2021.1812,7.0,-4.9,1.0,rrr,2.5,2.8,8.6,-0.0662,Southern_California.20210307.stacov.point-2021/07/05-23:09:54 
20210308,2021.184,6.8,-6.8,-6.0,rrr,2.7,2.9,9.1,-0.0316,Southern_California.20210308.stacov.point-2021/07/06-23:10:37 
20210309,2021.1867,6.9,-5.8,-4.5,rrr,2.4,2.8,8.2,-0.0167,Southern_California.20210309.stacov.point-2021/07/07-23:10:55 
20210310,2021.1894,7.3,-8.4,-0.3,rrr,2.5,2.9,8.4,-0.0389,Southern_California.20210310.stacov.point-2021/07/08-23:11:15 
20210311,2021.1922,7.9,-6.8,-0.4,rrr,2.4,2.9,8.2,-0.0255,Southern_California.20210311.stacov.point-2021/07/09-23:10:48 
20210312,2021.1949,7.3,-8.3,-0.4,rrr,2.5,3.0,8.7,0.0237,Southern_California.20210312.stacov.point-2021/07/10-23:10:52 
20210313,2021.1976,8.0,-7.6,-3.2,rrr,2.4,2.9,8.2,-0.0161,Southern_California.20210313.stacov.point-2021/07/11-23:10:58 
20210314,2021.2003,8.8,-7.7,0.1,rrr,2.4,2.9,8.2,-0.0193,Southern_California.20210314.stacov.point-2021/07/12-23:11:16 
20210315,2021.203,6.3,-8.5,7.6,rrr,2.4,2.8,8.2,-0.018,Southern_California.20210315.stacov.point-2021/07/13-23:11:35 
20210316,2021.2057,7.8,-8.3,1.4,rrr,2.4,2.9,8.2,-0.0287,Southern_California.20210316.stacov.point-2021/07/14-23:10:54 
20210317,2021.2085,9.8,-7.8,-5.1,rrr,2.4,2.9,8.2,-0.0222,Southern_California.20210317.stacov.point-2021/07/15-23:10:41 
20210318,2021.2112,7.2,-7.8,1.2,rrr,2.4,2.9,8.2,-0.0075,Southern_California.20210318.stacov.point-2021/07/16-23:09:55 
20210319,2021.214,8.0,-7.1,-5.3,rrr,2.4,3.0,8.2,-0.0081,Southern_California.20210319.stacov.point-2021/07/17-23:09:50 
20210320,2021.2167,7.3,-7.3,-3.5,rrr,2.4,2.9,8.2,-0.0166,Southern_California.20210320.stacov.point-2021/07/18-23:10:18 
20210321,2021.2194,7.5,-9.5,-1.5,rrr,2.4,2.9,8.2,-0.0254,Southern_California.20210321.stacov.point-2021/07/19-23:10:18 
20210322,2021.2222,8.3,-8.1,1.0,rrr,2.4,2.9,8.0,0.0011,Southern_California.20210322.stacov.point-2021/07/20-23:10:00 
20210323,2021.2249,6.8,-9.5,2.3,rrr,2.4,2.9,8.2,-0.0098,Southern_California.20210323.stacov.point-2021/07/21-23:10:09 
20210324,2021.2276,6.0,-9.0,2.3,rrr,2.4,2.9,8.2,-0.0138,Southern_California.20210324.stacov.point-2021/07/22-23:11:10 
20210325,2021.2304,5.5,-8.1,1.2,rrr,2.4,2.9,8.2,-0.0119,Southern_California.20210325.stacov.point-2021/07/23-23:09:46 
20210326,2021.2331,6.8,-8.6,1.4,rrr,2.4,2.8,8.1,-0.0677,Southern_California.20210326.stacov.point-2021/07/24-23:09:46 
20210327,2021.2359,6.9,-8.2,2.8,rrr,2.4,2.9,8.2,-0.0115,Southern_California.20210327.stacov.point-2021/07/25-23:09:45 
20210328,2021.2386,7.3,-8.4,1.0,rrr,2.4,2.7,7.9,-0.0374,Southern_California.20210328.stacov.point-2021/07/26-23:10:49 
20210329,2021.2413,7.0,-8.1,1.3,rrr,2.4,2.9,8.2,-0.024,Southern_California.20210329.stacov.point-2021/07/27-23:10:48 
20210330,2021.2441,7.8,-9.2,3.5,rrr,2.4,2.9,8.2,-0.0191,Southern_California.20210330.stacov.point-2021/07/28-23:10:43 
20210331,2021.2468,8.2,-9.3,-0.3,rrr,2.4,2.8,8.1,-0.0522,Southern_California.20210331.stacov.point-2021/07/29-23:11:01 
20210401,2021.2495,9.0,-9.9,0.7,rrr,2.5,2.9,8.6,-0.0801,Southern_California.20210401.stacov.point-2021/07/30-23:10:48 
20210402,2021.2523,8.8,-8.4,1.6,rrr,2.4,2.8,8.1,-0.0582,Southern_California.20210402.stacov.point-2021/07/31-23:08:21 
20210403,2021.255,7.7,-8.9,3.9,rrr,2.4,2.7,7.9,-0.0377,Southern_California.20210403.stacov.point-2021/08/01-23:08:24 
20210404,2021.2578,7.8,-8.7,0.5,rrr,2.4,2.8,8.1,-0.067,Southern_California.20210404.stacov.point-2021/08/02-23:10:17 
20210405,2021.2605,7.5,-9.1,2.3,rrr,2.4,2.9,8.2,-0.0157,Southern_California.20210405.stacov.point-2021/08/03-23:11:09 
20210406,2021.2632,7.5,-10.2,5.0,rrr,2.4,2.9,8.2,-0.0075,Southern_California.20210406.stacov.point-2021/08/04-23:10:42 
20210407,2021.266,8.1,-10.4,2.1,rrr,2.4,2.8,8.1,-0.0611,Southern_California.20210407.stacov.point-2021/08/05-23:11:07 
20210408,2021.2687,8.6,-10.2,5.0,rrr,2.5,3.0,8.2,-0.0031,Southern_California.20210408.stacov.point-2021/08/06-23:10:56 
20210409,2021.2715,8.3,-9.1,6.0,rrr,2.4,3.0,8.2,0.0049,Southern_California.20210409.stacov.point-2021/08/07-23:10:27 
20210410,2021.2742,8.0,-9.6,2.1,rrr,2.3,2.7,7.7,-0.0397,Southern_California.20210410.stacov.point-2021/08/08-23:10:42 
20210411,2021.2769,7.0,-9.8,3.6,rrr,2.4,2.9,8.2,-0.022,Southern_California.20210411.stacov.point-2021/08/09-23:10:00 
20210412,2021.2797,9.4,-9.8,11.1,rrr,2.4,3.0,8.2,-0.0057,Southern_California.20210412.stacov.point-2021/08/10-23:12:25 
20210413,2021.2824,10.1,-9.9,10.5,rrr,2.4,3.0,8.2,-0.008,Southern_California.20210413.stacov.point-2021/08/11-23:12:17 
20210414,2021.2851,7.3,-9.9,10.6,rrr,2.5,3.0,8.2,-0.0108,Southern_California.20210414.stacov.point-2021/08/12-23:11:08 
20210415,2021.2879,7.7,-9.8,7.4,rrr,2.4,3.0,8.2,-0.0098,Southern_California.20210415.stacov.point-2021/08/13-23:10:39 
20210416,2021.2906,7.8,-10.1,4.7,rrr,2.4,3.0,8.2,-0.0135,Southern_California.20210416.stacov.point-2021/08/14-23:11:00 
20210417,2021.2934,8.0,-10.2,4.9,rrr,2.4,3.0,8.2,-0.0126,Southern_California.20210417.stacov.point-2021/08/15-23:10:40 
20210418,2021.2961,7.7,-11.3,5.2,rrr,2.4,3.0,8.2,-0.002,Southern_California.20210418.stacov.point-2021/08/16-23:10:45 
20210419,2021.2988,9.0,-10.2,9.0,rrr,2.4,3.0,8.2,0.0211,Southern_California.20210419.stacov.point-2021/08/17-23:10:39 
20210420,2021.3016,9.1,-9.2,4.6,rrr,2.5,3.0,8.4,-0.015,Southern_California.20210420.stacov.point-2021/08/18-23:10:41 
20210421,2021.3043,9.0,-10.8,8.2,rrr,2.4,3.0,8.2,-0.0128,Southern_California.20210421.stacov.point-2021/08/19-23:10:59 
20210422,2021.307,9.6,-11.3,7.7,rrr,2.4,3.1,8.2,-0.0141,Southern_California.20210422.stacov.point-2021/08/20-23:09:08 
20210423,2021.3098,9.4,-11.6,5.1,rrr,2.5,3.1,8.5,-0.0372,Southern_California.20210423.stacov.point-2021/08/21-23:09:16 
20210424,2021.3125,9.2,-11.1,8.9,rrr,2.4,2.9,8.2,-0.0079,Southern_California.20210424.stacov.point-2021/08/22-23:10:15 
20210425,2021.3153,7.7,-11.3,10.4,rrr,2.4,2.9,8.2,0.0001,Southern_California.20210425.stacov.point-2021/08/23-23:13:33 
20210426,2021.318,10.4,-12.1,10.6,rrr,2.4,2.9,8.2,-0.0141,Southern_California.20210426.stacov.point-2021/08/24-23:14:36 
20210427,2021.3207,9.3,-11.4,7.1,rrr,2.4,3.0,8.2,-0.0393,Southern_California.20210427.stacov.point-2021/08/25-23:11:59 
20210428,2021.3235,8.4,-10.5,7.4,rrr,2.4,3.0,8.2,-0.0358,Southern_California.20210428.stacov.point-2021/08/26-23:11:39 
20210429,2021.3262,8.9,-10.0,1.6,rrr,2.4,2.8,8.1,-0.0511,Southern_California.20210429.stacov.point-2021/08/27-23:10:31 
20210430,2021.3289,9.2,-10.8,0.2,rrr,2.4,3.0,8.2,-0.006,Southern_California.20210430.stacov.point-2021/08/28-23:10:25 
20210501,2021.3317,9.2,-11.8,8.3,rrr,2.4,3.0,8.2,-0.0117,Southern_California.20210501.stacov.point-2021/08/29-23:10:05 
20210503,2021.3372,9.9,-13.0,5.6,rrr,2.4,2.9,8.2,-0.0188,Southern_California.20210503.stacov.point-2021/08/31-23:10:55 
20210504,2021.3399,9.2,-12.3,6.2,rrr,2.4,2.9,8.2,-0.0099,Southern_California.20210504.stacov.point-2021/09/01-23:09:56 
20210505,2021.3426,8.8,-11.5,3.4,rrr,2.4,2.9,8.2,0.0041,Southern_California.20210505.stacov.point-2021/09/02-23:09:08 
20210506,2021.3454,10.1,-11.6,7.3,rrr,2.4,3.1,8.5,0.0084,Southern_California.20210506.stacov.point-2021/09/03-23:10:58 
20210507,2021.3481,9.9,-11.4,6.2,rrr,2.4,2.9,8.2,-0.0104,Southern_California.20210507.stacov.point-2021/09/04-23:10:55 
20210508,2021.3509,8.6,-12.0,7.1,rrr,2.4,2.9,8.2,-0.0143,Southern_California.20210508.stacov.point-2021/09/05-23:09:40 
20210509,2021.3536,9.7,-12.6,4.8,rrr,2.4,2.9,8.2,-0.0174,Southern_California.20210509.stacov.point-2021/09/06-23:08:20 
20210511,2021.3591,9.6,-12.3,1.6,rrr,2.4,2.9,8.4,-0.0333,Southern_California.20210511.stacov.point-2021/09/08-23:07:56 
20210512,2021.3618,10.5,-13.4,5.7,rrr,2.4,3.1,8.6,0.0189,Southern_California.20210512.stacov.point-2021/09/09-23:09:20 
20210513,2021.3645,11.0,-13.2,3.6,rrr,2.4,3.1,8.6,0.0183,Southern_California.20210513.stacov.point-2021/09/10-23:07:22 
20210514,2021.3673,10.4,-12.4,5.0,rrr,2.4,2.9,8.2,-0.0044,Southern_California.20210514.stacov.point-2021/09/11-23:09:21 
20210516,2021.3728,10.9,-13.0,5.6,rrr,2.4,3.1,8.6,0.0272,Southern_California.20210516.stacov.point-2021/09/13-23:09:27 
20210517,2021.3755,12.0,-12.8,6.8,rrr,2.4,2.9,8.2,0.0013,Southern_California.20210517.stacov.point-2021/09/14-23:07:28 
20210519,2021.381,11.1,-12.6,9.3,rrr,2.5,3.0,8.9,-0.0067,Southern_California.20210519.stacov.point-2021/09/16-23:07:42 
20210520,2021.3837,10.8,-14.4,6.4,rrr,2.5,3.2,8.9,0.003,Southern_California.20210520.stacov.point-2021/09/17-23:07:30 
20210521,2021.3864,11.6,-12.9,1.7,rrr,2.6,3.3,9.2,0.043,Southern_California.20210521.stacov.point-2021/09/18-23:08:04 
20210522,2021.3892,11.4,-11.5,2.5,rrr,2.5,3.1,8.7,0.0199,Southern_California.20210522.stacov.point-2021/09/19-23:09:04 
20210523,2021.3919,11.7,-10.9,-0.5,rrr,2.4,2.9,8.2,0.002,Southern_California.20210523.stacov.point-2021/09/20-23:07:50 
20210524,2021.3947,12.3,-11.2,4.3,rrr,2.4,3.0,8.6,0.023,Southern_California.20210524.stacov.point-2021/09/21-23:09:35 
20210525,2021.3974,13.4,-12.9,9.6,rrr,2.5,3.0,8.7,0.0269,Southern_California.20210525.stacov.point-2021/09/22-23:12:13 
20210526,2021.4001,12.5,-12.1,7.3,rrr,2.4,3.1,8.6,0.0317,Southern_California.20210526.stacov.point-2021/09/23-23:11:17 
20210528,2021.4056,12.7,-13.1,9.2,rrr,2.5,2.9,8.6,-0.0205,Southern_California.20210528.stacov.point-2021/09/25-23:10:27 
20210529,2021.4083,12.1,-12.4,7.6,rrr,2.4,2.9,8.2,-0.0076,Southern_California.20210529.stacov.point-2021/09/26-23:10:23 
20210530,2021.4111,12.4,-12.1,9.7,rrr,2.4,2.9,8.2,-0.0068,Southern_California.20210530.stacov.point-2021/09/27-23:10:48 
20210531,2021.4138,15.0,-12.2,8.6,rrr,2.4,2.9,8.5,-0.0245,Southern_California.20210531.stacov.point-2021/09/28-23:11:11 
20210601,2021.4166,14.6,-12.7,9.8,rrr,2.5,3.1,8.7,0.0089,Southern_California.20210601.stacov.point-2021/09/29-23:06:03 
20210603,2021.422,13.7,-12.5,11.0,rrr,2.5,3.1,8.7,0.0179,Southern_California.20210603.stacov.point-2021/10/01-23:09:30 
20210604,2021.4248,12.6,-13.0,7.9,rrr,2.4,2.9,8.2,0.0051,Southern_California.20210604.stacov.point-2021/10/02-23:09:16 
20210605,2021.4275,13.9,-13.2,6.1,rrr,2.4,3.1,8.6,0.0383,Southern_California.20210605.stacov.point-2021/10/03-23:09:06 
20210606,2021.4303,13.3,-12.9,4.8,rrr,2.5,3.0,8.7,0.0196,Southern_California.20210606.stacov.point-2021/10/04-23:09:16 
20210607,2021.433,13.8,-12.8,8.7,rrr,2.5,3.0,8.7,0.0248,Southern_California.20210607.stacov.point-2021/10/05-23:09:29 
20210608,2021.4357,14.5,-12.5,8.9,rrr,2.4,3.0,8.7,0.0105,Southern_California.20210608.stacov.point-2021/10/06-23:09:24 
20210612,2021.4467,14.3,-13.1,5.0,rrr,2.5,3.0,8.9,-0.0032,Southern_California.20210612.stacov.point-2021/10/10-23:09:32 
20210613,2021.4494,14.4,-12.9,1.1,rrr,2.5,3.1,8.7,0.0147,Southern_California.20210613.stacov.point-2021/10/11-23:09:47 
20210614,2021.4522,14.0,-14.0,4.7,rrr,2.5,3.1,8.7,0.0204,Southern_California.20210614.stacov.point-2021/10/12-23:09:31 
20210615,2021.4549,12.1,-14.7,8.3,rrr,2.5,3.1,8.7,0.0244,Southern_California.20210615.stacov.point-2021/10/13-23:09:46 
20210616,2021.4576,14.4,-12.6,-0.2,rrr,2.5,3.1,8.9,0.0041,Southern_California.20210616.stacov.point-2021/10/14-23:10:44 
20210617,2021.4604,12.9,-14.5,10.1,rrr,2.5,3.0,8.7,0.0321,Southern_California.20210617.stacov.point-2021/10/15-23:10:06 
20210618,2021.4631,16.3,-13.9,4.7,rrr,2.5,3.1,8.7,0.0159,Southern_California.20210618.stacov.point-2021/10/16-23:10:19 
20210619,2021.4658,13.2,-12.2,3.1,rrr,2.5,3.1,8.7,0.0143,Southern_California.20210619.stacov.point-2021/10/17-23:09:08 
20210621,2021.4713,12.9,-14.3,5.2,rrr,2.5,3.1,8.7,0.0319,Southern_California.20210621.stacov.point-2021/10/19-23:08:54 
20210622,2021.4741,14.0,-14.4,11.5,rrr,2.5,3.1,8.7,0.0362,Southern_California.20210622.stacov.point-2021/10/20-23:06:43 
20210623,2021.4768,13.7,-11.8,10.6,rrr,2.5,3.1,8.7,0.0369,Southern_California.20210623.stacov.point-2021/10/21-23:09:33 
20210624,2021.4795,13.8,-12.8,6.0,rrr,2.6,3.3,9.4,0.0187,Southern_California.20210624.stacov.point-2021/10/22-23:09:47 
20210625,2021.4823,14.1,-13.1,1.5,rrr,2.5,3.1,8.5,0.0452,Southern_California.20210625.stacov.point-2021/10/23-23:09:45 
20210626,2021.485,13.1,-13.0,3.1,rrr,2.5,3.1,8.7,0.035,Southern_California.20210626.stacov.point-2021/10/24-23:09:41 
20210627,2021.4877,14.1,-12.6,3.0,rrr,2.5,3.1,8.7,0.0324,Southern_California.20210627.stacov.point-2021/10/25-23:09:52 
20210628,2021.4905,14.1,-12.6,6.2,rrr,2.4,2.9,8.2,0.0185,Southern_California.20210628.stacov.point-2021/10/26-23:11:06 
20210629,2021.4932,14.2,-13.6,-1.3,rrr,2.5,3.1,8.7,0.0297,Southern_California.20210629.stacov.point-2021/10/27-23:11:12 
20210701,2021.4987,15.6,-13.1,3.7,rrr,4.7,6.1,16.9,-0.0603,Southern_California.20210701.stacov.point-2021/10/29-23:10:03 
20210702,2021.5014,14.2,-12.8,-1.0,rrr,2.5,3.1,8.9,0.0173,Southern_California.20210702.stacov.point-2021/10/30-23:09:57 
20210703,2021.5042,14.7,-14.9,-5.1,rrr,3.6,4.5,12.8,-0.0307,Southern_California.20210703.stacov.point-2021/10/31-23:09:48 
20210704,2021.5069,14.7,-13.5,1.8,rrr,3.6,4.6,13.3,0.0062,Southern_California.20210704.stacov.point-2021/11/01-23:10:13 
20210705,2021.5097,14.8,-12.8,-1.4,rrr,3.0,3.7,10.7,0.0227,Southern_California.20210705.stacov.point-2021/11/02-23:11:10 
20210706,2021.5124,16.0,-14.1,-8.4,rrr,3.1,3.8,10.9,-0.0133,Southern_California.20210706.stacov.point-2021/11/03-23:11:20 
20210707,2021.5151,15.4,-12.8,5.0,rrr,2.5,3.1,8.9,0.0412,Southern_California.20210707.stacov.point-2021/11/04-23:11:34 
20210708,2021.5179,14.8,-13.1,8.0,rrr,2.5,3.1,8.7,0.0359,Southern_California.20210708.stacov.point-2021/09/05-23:22:04 
20210709,2021.5206,14.9,-12.9,6.2,rrr,2.6,3.3,9.0,0.0621,Southern_California.20210709.stacov.point-2021/09/06-23:21:05 
20210710,2021.5233,12.5,-14.1,1.7,rrr,2.5,3.1,8.7,0.0329,Southern_California.20210710.stacov.point-2021/09/07-23:14:36 
20210711,2021.5261,15.3,-14.9,9.8,rrr,2.5,3.1,8.7,0.04,Southern_California.20210711.stacov.point-2021/09/08-23:20:36 
20210712,2021.5288,14.6,-15.7,5.2,rrr,2.5,3.1,8.7,0.0428,Southern_California.20210712.stacov.point-2021/11/08-23:09:57 
20210713,2021.5316,13.9,-14.1,0.3,rrr,2.5,3.1,8.7,0.0545,Southern_California.20210713.stacov.point-2021/11/09-23:09:39 
20210714,2021.5343,13.8,-14.5,-0.9,rrr,2.5,3.0,8.7,0.037,Southern_California.20210714.stacov.point-2021/11/10-23:09:50 
20210715,2021.537,16.8,-14.3,4.1,rrr,2.5,3.1,8.9,0.0047,Southern_California.20210715.stacov.point-2021/11/11-23:10:39 
20210716,2021.5398,15.8,-14.4,3.2,rrr,2.7,3.3,9.4,0.0009,Southern_California.20210716.stacov.point-2021/11/12-23:09:54 
20210717,2021.5425,15.3,-14.3,3.2,rrr,2.5,3.0,8.9,-0.0008,Southern_California.20210717.stacov.point-2021/11/13-23:09:11 
20210718,2021.5452,15.5,-16.5,3.4,rrr,2.6,3.2,9.4,0.0129,Southern_California.20210718.stacov.point-2021/11/14-23:09:20 
20210719,2021.548,16.9,-14.0,1.9,rrr,2.5,3.3,8.8,0.0835,Southern_California.20210719.stacov.point-2021/11/15-23:09:13 
20210720,2021.5507,16.6,-13.0,-1.8,rrr,2.5,3.0,8.7,0.0361,Southern_California.20210720.stacov.point-2021/11/16-23:08:19 
20210721,2021.5535,15.0,-15.1,-5.1,rrr,2.5,3.1,8.7,0.0255,Southern_California.20210721.stacov.point-2021/11/17-23:08:17 
20210722,2021.5562,14.9,-15.1,2.6,rrr,2.5,3.1,8.7,0.0309,Southern_California.20210722.stacov.point-2021/11/18-23:08:59 
20210723,2021.5589,16.0,-14.9,-6.6,rrr,2.5,3.1,8.7,0.0386,Southern_California.20210723.stacov.point-2021/11/19-23:09:32 
20210724,2021.5617,14.0,-15.2,-0.8,rrr,2.5,3.0,8.7,0.0526,Southern_California.20210724.stacov.point-2021/11/20-23:08:12 
20210725,2021.5644,17.0,-16.0,-0.6,rrr,2.5,3.1,8.7,0.0486,Southern_California.20210725.stacov.point-2021/11/21-23:08:12 
20210727,2021.5699,16.3,-16.5,2.0,rrr,2.5,3.1,8.7,0.041,Southern_California.20210727.stacov.point-2021/11/23-23:08:20 
20210728,2021.5726,15.1,-18.2,-6.9,rrr,2.5,3.1,8.7,0.0308,Southern_California.20210728.stacov.point-2021/11/24-23:09:19 
20210729,2021.5754,16.4,-14.5,-10.5,rrr,2.5,3.0,8.7,0.0563,Southern_California.20210729.stacov.point-2021/11/25-23:10:36 
20210730,2021.5781,16.4,-18.0,1.3,rrr,2.5,3.1,8.7,0.0492,Southern_California.20210730.stacov.point-2021/11/26-23:09:41 
20210731,2021.5808,16.1,-16.5,-9.1,rrr,2.5,3.2,9.0,0.0696,Southern_California.20210731.stacov.point-2021/11/27-23:08:34 
20210801,2021.5836,16.3,-15.9,-5.9,rrr,2.6,3.2,9.2,0.0521,Southern_California.20210801.stacov.point-2021/11/28-23:09:08 
20210802,2021.5863,16.3,-14.9,-9.5,rrr,2.5,3.0,8.7,0.0311,Southern_California.20210802.stacov.point-2021/11/29-23:08:22 
20210803,2021.5891,15.9,-16.1,-8.0,rrr,2.5,3.1,8.7,0.036,Southern_California.20210803.stacov.point-2021/11/30-23:08:28 
20210804,2021.5918,16.7,-16.5,-6.4,rrr,2.5,3.1,8.7,0.039,Southern_California.20210804.stacov.point-2021/12/01-23:09:29 
20210805,2021.5945,15.8,-17.0,-2.3,rrr,2.5,3.1,8.7,0.0315,Southern_California.20210805.stacov.point-2021/12/02-23:09:05 
20210806,2021.5973,15.3,-16.5,0.8,rrr,2.6,3.2,9.2,0.0323,Southern_California.20210806.stacov.point-2021/12/03-23:08:26 
20210807,2021.6,18.7,-20.2,3.3,rrr,2.5,3.1,8.7,0.036,Southern_California.20210807.stacov.point-2021/12/04-23:09:39 
20210808,2021.6027,18.1,-16.7,0.3,rrr,2.5,3.1,8.7,0.0221,Southern_California.20210808.stacov.point-2021/12/05-23:09:26 
20210809,2021.6055,16.7,-17.7,-2.5,rrr,2.5,3.1,8.7,0.0505,Southern_California.20210809.stacov.point-2021/12/06-23:11:43 
20210810,2021.6082,18.0,-16.7,-1.4,rrr,2.5,3.1,8.9,0.0132,Southern_California.20210810.stacov.point-2021/12/07-23:11:03 
20210811,2021.611,17.0,-16.1,-4.2,rrr,2.5,3.1,8.9,0.0132,Southern_California.20210811.stacov.point-2021/12/08-23:09:12 
20210812,2021.6137,16.4,-17.9,-5.3,rrr,2.5,3.1,8.7,0.0402,Southern_California.20210812.stacov.point-2021/12/09-23:07:30 
20210813,2021.6164,17.0,-17.0,-8.0,rrr,2.5,3.1,8.7,0.0408,Southern_California.20210813.stacov.point-2021/12/10-23:09:13 
20210814,2021.6192,17.9,-16.4,-5.2,rrr,2.5,3.1,8.7,0.0504,Southern_California.20210814.stacov.point-2021/12/11-23:09:32 
20210815,2021.6219,19.0,-15.9,-6.2,rrr,2.5,3.0,8.7,0.0348,Southern_California.20210815.stacov.point-2021/12/12-23:09:06 
20210816,2021.6246,16.6,-17.5,-2.0,ppp,2.5,3.0,8.7,0.0496,Southern_California.20210816.stacov.point-2021/08/18-05:06:58 
20210817,2021.6274,17.3,-17.7,-4.3,ppp,2.5,3.1,8.7,0.0563,Southern_California.20210817.stacov.point-2021/08/19-05:18:28 
20210818,2021.6301,18.3,-18.3,-1.1,ppp,2.5,3.1,8.7,0.041,Southern_California.20210818.stacov.point-2021/08/20-05:07:51 
20210819,2021.6329,17.8,-17.9,-0.7,rrr,2.5,3.1,8.7,0.0328,Southern_California.20210819.stacov.point-2021/12/16-23:09:41 
20210820,2021.6356,17.1,-16.3,-1.7,rrr,2.5,3.1,8.7,0.052,Southern_California.20210820.stacov.point-2021/12/17-23:09:38 
20210821,2021.6383,18.5,-17.6,0.5,rrr,2.6,3.3,9.2,0.0479,Southern_California.20210821.stacov.point-2021/12/18-23:09:35 
20210822,2021.6411,15.5,-18.4,3.1,rrr,2.5,3.1,8.7,0.0355,Southern_California.20210822.stacov.point-2021/12/19-23:09:33 
20210823,2021.6438,17.4,-17.7,-7.4,rrr,2.5,3.1,8.7,0.0471,Southern_California.20210823.stacov.point-2021/10/21-23:24:01 
20210824,2021.6465,18.4,-18.6,-4.6,rrr,2.5,3.1,8.5,0.0515,Southern_California.20210824.stacov.point-2021/10/22-23:24:57 
20210825,2021.6493,17.8,-17.5,-3.6,rrr,2.5,3.0,8.7,0.0371,Southern_California.20210825.stacov.point-2021/10/23-23:24:17 
20210826,2021.652,17.1,-17.4,-3.7,rrr,2.5,3.1,8.9,0.0012,Southern_California.20210826.stacov.point-2021/10/24-23:25:56 
20210827,2021.6548,17.5,-18.6,0.6,rrr,2.5,3.1,8.5,0.0568,Southern_California.20210827.stacov.point-2021/10/25-23:24:56 
20210828,2021.6575,18.3,-16.5,-7.1,rrr,2.5,3.1,8.7,0.0435,Southern_California.20210828.stacov.point-2021/10/26-23:26:49 
20210829,2021.6602,20.2,-17.8,0.7,rrr,2.5,3.1,8.7,0.0393,Southern_California.20210829.stacov.point-2021/10/27-23:28:31 
20210830,2021.663,20.2,-21.3,-5.4,rrr,2.5,3.1,8.7,0.0401,Southern_California.20210830.stacov.point-2021/10/28-23:26:38 
20210831,2021.6657,17.3,-20.1,-1.4,rrr,2.5,3.1,8.7,0.034,Southern_California.20210831.stacov.point-2021/10/29-23:26:56 
20210901,2021.6684,18.3,-21.0,-2.2,rrr,2.5,3.1,8.7,0.0391,Southern_California.20210901.stacov.point-2021/10/30-23:25:47 
20210903,2021.6739,17.5,-17.7,-2.0,rrr,2.6,3.1,9.1,-0.0021,Southern_California.20210903.stacov.point-2021/11/01-23:24:32 
20210904,2021.6767,17.7,-19.1,-3.6,rrr,2.7,3.2,9.2,0.033,Southern_California.20210904.stacov.point-2021/11/02-23:26:49 
20210905,2021.6794,19.3,-18.3,-7.3,rrr,2.6,3.0,9.1,0.0261,Southern_California.20210905.stacov.point-2021/11/03-23:24:35 
20210906,2021.6821,19.7,-18.8,-3.7,rrr,2.5,3.1,8.7,0.0443,Southern_California.20210906.stacov.point-2021/11/04-23:27:14 
20210907,2021.6849,19.9,-19.1,-5.2,ppp,2.5,3.1,8.7,0.0424,Southern_California.20210907.stacov.point-2021/09/09-05:08:00 
20210908,2021.6876,21.1,-18.5,-16.3,ppp,2.5,3.1,8.7,0.0376,Southern_California.20210908.stacov.point-2021/09/10-05:18:09 
20210909,2021.6904,19.8,-19.0,-0.7,ppp,2.5,3.1,8.7,0.0445,Southern_California.20210909.stacov.point-2021/09/11-05:10:56 
20210910,2021.6931,18.8,-19.0,5.4,ppp,2.6,3.2,9.2,0.051,Southern_California.20210910.stacov.point-2021/09/12-05:07:29 
20210911,2021.6958,20.0,-19.9,-5.5,rrr,2.5,3.1,8.7,0.0327,Southern_California.20210911.stacov.point-2021/11/08-23:25:01 
20210912,2021.6986,19.5,-19.1,-0.4,rrr,2.5,3.1,8.7,0.041,Southern_California.20210912.stacov.point-2021/11/09-23:23:57 
20210913,2021.7013,19.4,-18.5,-0.6,rrr,2.5,3.0,8.7,0.0423,Southern_California.20210913.stacov.point-2021/11/10-23:22:46 
20210915,2021.7068,21.1,-19.1,-1.6,rrr,2.5,3.1,8.7,0.022,Southern_California.20210915.stacov.point-2021/11/12-23:24:17 
20210916,2021.7095,21.8,-18.5,-3.4,rrr,2.5,3.1,8.7,0.0434,Southern_California.20210916.stacov.point-2022/01/13-23:11:05 
20210917,2021.7123,20.2,-18.7,-0.7,rrr,2.5,3.1,8.7,0.0438,Southern_California.20210917.stacov.point-2022/01/14-23:10:07 
20210918,2021.715,19.0,-18.7,-0.1,rrr,2.5,3.1,8.7,0.0335,Southern_California.20210918.stacov.point-2022/01/15-23:10:18 
20210919,2021.7177,18.9,-20.7,-2.7,rrr,2.5,3.1,8.7,0.0413,Southern_California.20210919.stacov.point-2022/01/16-23:10:19 
20210920,2021.7205,19.0,-20.3,1.8,rrr,2.5,3.1,8.7,0.0389,Southern_California.20210920.stacov.point-2022/01/17-23:10:20 
20210921,2021.7232,20.9,-19.3,-6.4,rrr,2.5,3.1,8.7,0.0338,Southern_California.20210921.stacov.point-2022/01/18-23:10:23 
20210922,2021.7259,20.6,-19.3,-6.5,rrr,2.5,3.1,8.7,0.0443,Southern_California.20210922.stacov.point-2021/11/19-23:20:48 
20210923,2021.7287,19.7,-21.3,-3.2,rrr,2.5,3.1,8.7,0.0525,Southern_California.20210923.stacov.point-2021/11/20-23:22:02 
20210924,2021.7314,20.2,-19.7,-12.0,rrr,2.6,3.3,9.2,0.0826,Southern_California.20210924.stacov.point-2021/11/21-23:21:48 
20210925,2021.7342,21.0,-19.6,-3.2,rrr,2.5,3.1,8.7,0.0544,Southern_California.20210925.stacov.point-2021/11/22-23:18:22 
20210926,2021.7369,17.7,-20.1,-5.7,rrr,2.5,3.1,8.7,0.0359,Southern_California.20210926.stacov.point-2021/11/23-23:23:17 
20210927,2021.7396,19.7,-21.4,0.7,rrr,2.5,3.1,8.7,0.0426,Southern_California.20210927.stacov.point-2021/11/24-23:23:42 
20210928,2021.7424,20.2,-21.1,-0.3,rrr,2.5,3.1,8.7,0.0459,Southern_California.20210928.stacov.point-2021/11/25-23:26:14 
20210929,2021.7451,20.3,-19.8,5.2,rrr,2.5,3.1,8.7,0.0457,Southern_California.20210929.stacov.point-2021/11/26-23:24:20 
20210930,2021.7478,20.3,-20.7,-0.9,rrr,2.5,3.1,8.7,0.0472,Southern_California.20210930.stacov.point-2021/11/27-23:23:07 
20211001,2021.7506,21.5,-20.3,-10.6,rrr,2.5,3.1,8.7,0.0413,Southern_California.20211001.stacov.point-2021/11/28-23:22:09 
20211002,2021.7533,22.4,-20.7,-8.9,rrr,2.5,3.1,8.5,0.0531,Southern_California.20211002.stacov.point-2021/11/29-23:20:44 
20211003,2021.7561,20.6,-19.9,-9.4,rrr,2.5,3.1,8.7,0.0467,Southern_California.20211003.stacov.point-2021/11/30-23:23:04 
20211004,2021.7588,22.9,-21.1,1.9,rrr,2.5,3.1,8.7,0.0552,Southern_California.20211004.stacov.point-2021/12/01-23:23:31 
20211005,2021.7615,21.3,-21.1,3.8,rrr,2.5,3.1,8.7,0.0307,Southern_California.20211005.stacov.point-2021/12/02-23:23:27 
20211006,2021.7643,21.0,-23.3,-5.4,rrr,2.5,3.1,8.7,0.0461,Southern_California.20211006.stacov.point-2021/12/03-23:22:41 
20211007,2021.767,23.3,-21.2,-2.9,rrr,2.5,3.1,8.7,0.0368,Southern_California.20211007.stacov.point-2021/12/04-23:23:46 
20211008,2021.7698,20.3,-21.0,8.1,rrr,2.5,3.1,8.7,0.0347,Southern_California.20211008.stacov.point-2021/12/05-23:23:24 
20211009,2021.7725,21.5,-22.4,-6.0,rrr,2.5,3.1,8.7,0.0358,Southern_California.20211009.stacov.point-2021/12/06-23:26:19 
20211010,2021.7752,21.1,-22.1,-1.2,rrr,2.5,2.9,8.4,0.0283,Southern_California.20211010.stacov.point-2021/12/07-23:27:14 
20211011,2021.778,20.5,-24.1,-3.0,rrr,2.5,3.1,8.7,0.043,Southern_California.20211011.stacov.point-2021/12/08-23:23:00 
20211012,2021.7807,19.8,-24.1,7.8,rrr,2.5,3.1,8.7,0.0414,Southern_California.20211012.stacov.point-2021/12/09-23:21:52 
20211013,2021.7834,21.7,-23.4,3.8,rrr,2.5,3.1,8.7,0.0362,Southern_California.20211013.stacov.point-2021/12/10-23:23:29 
20211014,2021.7862,22.4,-24.3,5.9,rrr,2.5,3.0,8.7,0.0359,Southern_California.20211014.stacov.point-2021/12/11-23:23:21 
20211015,2021.7889,23.0,-20.7,-3.6,rrr,2.5,3.1,8.5,0.0546,Southern_California.20211015.stacov.point-2021/12/12-23:23:48 
20211016,2021.7917,21.9,-22.1,-2.1,rrr,2.5,3.1,8.7,0.0505,Southern_California.20211016.stacov.point-2021/12/13-23:15:28 
20211017,2021.7944,22.2,-21.7,3.9,rrr,2.5,2.9,8.4,0.0107,Southern_California.20211017.stacov.point-2021/12/14-23:14:42 
20211018,2021.7971,23.4,-22.9,-7.4,rrr,2.5,3.1,8.7,0.0281,Southern_California.20211018.stacov.point-2021/12/15-23:16:03 
20211019,2021.7999,20.2,-24.1,-10.6,rrr,2.5,3.1,8.7,0.0402,Southern_California.20211019.stacov.point-2021/12/16-23:25:09 
20211020,2021.8026,22.5,-23.1,-11.0,rrr,2.5,3.3,9.0,0.0709,Southern_California.20211020.stacov.point-2021/12/17-23:23:31 
20211021,2021.8053,20.5,-23.0,-10.2,rrr,2.5,3.2,8.7,0.0507,Southern_California.20211021.stacov.point-2021/12/18-23:26:07 
20211022,2021.8081,21.6,-23.2,-8.5,rrr,2.5,3.1,8.7,0.043,Southern_California.20211022.stacov.point-2021/12/19-23:25:05 
20211023,2021.8108,20.8,-23.8,6.0,ppp,2.5,3.1,8.7,0.0376,Southern_California.20211023.stacov.point-2021/10/25-05:16:29 
20211024,2021.8136,21.8,-23.7,4.8,ppp,2.5,3.1,8.7,0.0341,Southern_California.20211024.stacov.point-2021/10/26-05:25:15 
20211025,2021.8163,22.5,-23.8,-1.2,rrr,2.5,3.1,8.7,0.0309,Southern_California.20211025.stacov.point-2021/11/08-23:38:30 
20211026,2021.819,22.5,-23.6,1.2,rrr,2.5,3.1,8.7,0.0334,Southern_California.20211026.stacov.point-2021/11/09-23:38:18 
20211027,2021.8218,22.1,-22.8,-8.6,rrr,2.5,3.1,8.7,0.0202,Southern_California.20211027.stacov.point-2021/11/10-23:35:21 
20211028,2021.8245,23.2,-24.1,-0.4,rrr,2.5,3.1,8.7,0.0163,Southern_California.20211028.stacov.point-2021/11/11-23:37:11 
20211029,2021.8272,23.1,-24.6,-5.5,rrr,2.5,3.0,8.7,0.0125,Southern_California.20211029.stacov.point-2021/11/12-23:37:51 
20211030,2021.83,23.4,-24.2,1.3,rrr,2.5,3.0,8.7,0.0288,Southern_California.20211030.stacov.point-2021/11/13-23:36:21 
20211031,2021.8327,22.6,-25.7,5.6,rrr,2.5,3.0,8.7,0.0218,Southern_California.20211031.stacov.point-2021/11/14-23:37:12 
20211101,2021.8355,22.3,-23.7,-8.3,ppp,2.5,3.1,8.7,0.021,Southern_California.20211101.stacov.point-2021/11/03-05:17:10 
20211102,2021.8382,23.0,-23.3,-9.0,ppp,2.5,3.1,8.7,0.0171,Southern_California.20211102.stacov.point-2021/11/04-05:14:40 
20211103,2021.8409,17.6,-26.8,2.7,ppp,2.5,3.1,8.7,0.01,Southern_California.20211103.stacov.point-2021/11/04-05:41:57 
20211107,2021.852,24.8,-24.7,-1.2,ppp,2.5,3.1,8.7,0.0286,Southern_California.20211107.stacov.point-2021/11/09-05:12:45 
20211108,2021.8547,25.5,-23.9,-0.6,ppp,2.5,3.1,8.7,0.0126,Southern_California.20211108.stacov.point-2021/11/10-05:23:57 
20211109,2021.8575,24.9,-21.4,-6.4,ppp,2.5,3.0,8.7,0.0118,Southern_California.20211109.stacov.point-2021/11/11-05:23:55 
20211110,2021.8602,24.9,-23.1,-6.2,ppp,2.4,3.1,8.3,0.0691,Southern_California.20211110.stacov.point-2021/11/12-05:12:56 
20211111,2021.863,22.9,-23.5,-5.1,ppp,2.5,3.0,8.7,0.0466,Southern_California.20211111.stacov.point-2021/11/13-05:21:02 
20211115,2021.8739,23.3,-24.0,-6.4,rrr,2.5,3.1,8.7,0.0291,Southern_California.20211115.stacov.point-2022/01/13-23:26:22 
20211116,2021.8766,23.5,-24.5,-4.2,rrr,2.5,3.1,8.7,0.0434,Southern_California.20211116.stacov.point-2022/01/14-23:27:51 
20211117,2021.8794,24.3,-24.1,2.5,rrr,2.5,3.1,8.7,0.0425,Southern_California.20211117.stacov.point-2022/01/15-23:27:37 
20211118,2021.8821,24.4,-24.2,-8.1,rrr,2.5,3.1,8.7,0.0407,Southern_California.20211118.stacov.point-2022/01/16-23:26:47 
20211119,2021.8849,24.8,-24.4,1.2,rrr,2.4,2.9,8.2,0.0217,Southern_California.20211119.stacov.point-2022/01/17-23:27:13 
20211120,2021.8876,24.3,-23.9,-2.8,rrr,2.5,3.1,8.7,0.0338,Southern_California.20211120.stacov.point-2022/01/18-23:25:10 
20211121,2021.8903,27.8,-23.6,-5.8,ppp,2.5,3.1,8.7,0.0397,Southern_California.20211121.stacov.point-2021/11/23-05:10:28 
20211122,2021.8931,25.9,-21.8,0.8,ppp,2.5,3.0,8.7,0.0432,Southern_California.20211122.stacov.point-2021/11/24-05:10:27 
20211123,2021.8958,26.6,-22.6,7.4,ppp,2.5,3.1,8.7,0.0474,Southern_California.20211123.stacov.point-2021/11/25-05:25:57 
20211124,2021.8985,22.4,-24.3,-6.9,rrr,2.5,3.1,8.7,0.0408,Southern_California.20211124.stacov.point-2021/12/09-23:37:52 
20211125,2021.9013,24.8,-21.8,-8.0,rrr,2.5,3.1,8.5,0.0441,Southern_California.20211125.stacov.point-2021/12/10-23:37:49 
20211126,2021.904,25.5,-24.4,-5.0,rrr,2.5,3.1,8.7,0.0349,Southern_California.20211126.stacov.point-2021/12/11-23:38:09 
20211127,2021.9068,24.3,-24.1,-8.9,rrr,2.5,3.1,8.7,0.0375,Southern_California.20211127.stacov.point-2021/12/12-23:39:55 
20211128,2021.9095,25.0,-27.5,-6.0,rrr,2.5,3.0,8.7,0.0433,Southern_California.20211128.stacov.point-2021/12/13-23:31:18 
20211129,2021.9122,25.9,-25.9,-2.2,rrr,2.5,3.1,8.7,0.0235,Southern_California.20211129.stacov.point-2021/12/14-23:29:55 
20211130,2021.915,24.5,-25.5,-6.0,rrr,2.5,3.1,8.5,0.0477,Southern_California.20211130.stacov.point-2021/12/15-23:30:31 
20211201,2021.9177,25.2,-26.2,-14.5,rrr,2.5,3.1,8.5,0.0363,Southern_California.20211201.stacov.point-2021/12/16-23:41:32 
20211202,2021.9205,25.5,-23.0,-6.3,ppp,2.6,3.0,9.1,-0.0258,Southern_California.20211202.stacov.point-2021/12/04-05:20:38 
20211203,2021.9232,28.2,-24.8,1.6,ppp,2.6,3.0,9.1,-0.0133,Southern_California.20211203.stacov.point-2021/12/05-05:16:28 
20211204,2021.9259,26.7,-25.7,-10.8,ppp,2.5,3.0,8.9,0.0157,Southern_California.20211204.stacov.point-2021/12/06-05:16:08 
20211205,2021.9287,28.7,-25.8,-0.2,ppp,2.5,3.1,8.7,0.0262,Southern_California.20211205.stacov.point-2021/12/07-05:28:21 
20211206,2021.9314,28.3,-26.9,-3.8,ppp,2.5,2.9,8.6,-0.0178,Southern_California.20211206.stacov.point-2021/12/08-05:16:44 
20211207,2021.9341,28.4,-25.3,-3.2,ppp,2.5,3.1,8.7,0.0193,Southern_California.20211207.stacov.point-2021/12/09-05:13:18 
20211208,2021.9369,24.1,-25.2,-8.8,ppp,2.6,3.0,9.1,-0.0034,Southern_California.20211208.stacov.point-2021/12/10-05:15:29 
20211209,2021.9396,27.5,-29.1,6.2,ppp,2.6,3.0,9.1,0.0273,Southern_California.20211209.stacov.point-2021/12/11-07:31:57 
20211210,2021.9424,26.5,-25.5,-10.4,ppp,2.6,3.2,9.2,0.0753,Southern_California.20211210.stacov.point-2021/12/12-05:22:08 
20211211,2021.9451,27.9,-24.5,-3.4,ppp,2.5,3.1,8.7,0.0271,Southern_California.20211211.stacov.point-2021/12/13-05:20:28 
20211212,2021.9478,25.5,-24.1,1.0,ppp,2.5,3.1,8.7,0.0232,Southern_California.20211212.stacov.point-2021/12/14-05:21:37 
20211213,2021.9506,28.4,-23.3,-0.9,ppp,2.5,3.1,8.9,0.0016,Southern_California.20211213.stacov.point-2021/12/15-05:21:47 
20211214,2021.9533,23.7,-25.8,-2.2,ppp,2.5,3.1,8.7,0.0322,Southern_California.20211214.stacov.point-2021/12/16-05:11:35 
20211215,2021.956,27.8,-25.4,-3.0,ppp,2.5,3.1,8.9,0.0129,Southern_California.20211215.stacov.point-2021/12/17-05:10:35 
20211216,2021.9588,27.6,-27.7,3.0,ppp,2.5,3.1,8.9,0.0166,Southern_California.20211216.stacov.point-2021/12/18-05:09:39 
20211217,2021.9615,29.7,-26.6,-1.4,ppp,2.6,3.1,9.1,-0.0095,Southern_California.20211217.stacov.point-2021/12/19-05:10:25 
20211218,2021.9643,30.4,-29.4,-2.6,ppp,2.6,3.1,9.1,-0.0005,Southern_California.20211218.stacov.point-2021/12/20-05:11:06 
20211219,2021.967,27.8,-24.0,-2.6,ppp,2.6,3.1,9.1,0.0018,Southern_California.20211219.stacov.point-2021/12/21-05:10:37 
20211220,2021.9697,27.5,-26.8,0.8,ppp,2.5,3.1,8.9,0.0231,Southern_California.20211220.stacov.point-2021/12/22-05:10:53 
20211221,2021.9725,27.7,-25.5,4.0,ppp,2.6,3.1,9.1,0.0188,Southern_California.20211221.stacov.point-2021/12/23-05:11:16 
20211223,2021.9779,27.8,-25.1,9.2,ppp,2.6,3.1,9.1,0.0023,Southern_California.20211223.stacov.point-2021/12/25-05:10:09 
20211224,2021.9807,24.6,-27.0,12.6,ppp,2.6,3.1,9.1,0.0161,Southern_California.20211224.stacov.point-2021/12/26-05:10:10 
20211225,2021.9834,26.1,-27.3,2.3,ppp,2.5,3.1,8.9,0.0079,Southern_California.20211225.stacov.point-2021/12/27-07:30:12 
20211226,2021.9862,26.5,-27.8,-2.1,ppp,2.6,3.1,9.1,0.0095,Southern_California.20211226.stacov.point-2021/12/28-05:11:12 
20211227,2021.9889,26.6,-28.2,-2.2,ppp,2.6,3.1,9.1,0.0151,Southern_California.20211227.stacov.point-2021/12/29-05:10:36 
20211228,2021.9916,28.2,-28.1,-1.4,ppp,2.5,3.1,8.7,0.0276,Southern_California.20211228.stacov.point-2021/12/30-05:10:05 
20211229,2021.9944,27.8,-26.1,5.7,rrr,2.5,2.9,8.6,-0.0159,Southern_California.20211229.stacov.point-2022/01/13-23:41:28 
20211230,2021.9971,28.4,-25.9,9.0,rrr,2.5,3.1,8.7,0.0306,Southern_California.20211230.stacov.point-2022/01/14-23:44:40 
20211231,2021.9999,29.2,-26.7,5.8,rrr,2.5,3.1,8.7,0.0248,Southern_California.20211231.stacov.point-2022/01/15-23:43:24 
20220101,2022.0026,28.9,-26.4,1.5,ppp,2.5,3.1,8.7,0.0274,Southern_California.20220101.stacov.point-2022/01/03-05:11:31 
20220103,2022.0081,29.6,-27.2,-1.5,rrr,2.5,2.9,8.6,-0.0204,Southern_California.20220103.stacov.point-2022/01/18-23:40:34 
20220104,2022.0108,30.0,-25.6,-1.4,ppp,2.5,3.1,8.7,0.0198,Southern_California.20220104.stacov.point-2022/01/06-05:11:13 
20220105,2022.0135,29.0,-27.5,-1.3,ppp,2.5,3.1,8.7,0.0357,Southern_California.20220105.stacov.point-2022/01/07-05:27:14 
20220106,2022.0163,30.8,-27.0,-3.5,ppp,2.5,3.0,8.7,0.0305,Southern_California.20220106.stacov.point-2022/01/08-05:11:18 
20220108,2022.0218,29.1,-27.3,-1.4,ppp,2.5,3.0,8.7,0.03,Southern_California.20220108.stacov.point-2022/01/10-05:11:37 
20220109,2022.0245,30.5,-26.9,-8.9,ppp,2.5,2.9,8.6,-0.0172,Southern_California.20220109.stacov.point-2022/01/11-05:10:36 
20220111,2022.03,30.4,-26.1,-2.7,ppp,2.5,3.0,8.7,0.0321,Southern_California.20220111.stacov.point-2022/01/13-05:10:41 
20220112,2022.0327,30.1,-26.9,4.1,ppp,2.5,3.0,8.7,0.0345,Southern_California.20220112.stacov.point-2022/01/14-05:11:12 
20220113,2022.0354,31.2,-25.9,6.9,ppp,2.5,3.0,8.7,0.0282,Southern_California.20220113.stacov.point-2022/01/15-05:11:46 
20220114,2022.0382,31.0,-26.8,6.6,ppp,2.5,3.0,8.7,0.0246,Southern_California.20220114.stacov.point-2022/01/16-05:11:55 
20220116,2022.0437,30.7,-27.3,2.0,ppp,2.6,3.0,9.1,-0.0038,Southern_California.20220116.stacov.point-2022/01/18-05:13:02 
20220117,2022.0464,30.1,-27.5,-0.0,ppp,2.5,3.0,8.7,0.0293,Southern_California.20220117.stacov.point-2022/01/19-05:11:55 
