,DateI,DateD,N,E,U,Tech1,dN,dE,dU,Tech2,Descr
0,20200112,2020.0313,-19.0,19.1,0.5,rrr,2.5,3.1,9.3,0.0024,Southern_California.20200112.stacov.point-2020/05/11-22:28:16 
1,20200113,2020.034,-19.0,18.6,-3.6,rrr,2.5,3.0,9.2,-0.0445,Southern_California.20200113.stacov.point-2020/05/12-22:27:09 
2,20200114,2020.0368,-19.2,17.4,-2.1,rrr,2.5,3.1,9.3,0.0101,Southern_California.20200114.stacov.point-2020/05/13-22:27:06 
3,20200115,2020.0395,-19.0,18.0,-1.8,rrr,2.4,3.1,9.3,-0.0149,Southern_California.20200115.stacov.point-2020/05/14-22:28:06 
4,20200116,2020.0422,-18.6,19.0,-3.9,rrr,2.6,3.2,9.4,-0.0081,Southern_California.20200116.stacov.point-2020/05/15-22:28:15 
5,20200117,2020.045,-18.4,20.1,10.2,rrr,2.6,3.1,9.4,0.029,Southern_California.20200117.stacov.point-2020/05/16-22:25:46 
6,20200118,2020.0477,-17.0,17.8,-0.3,rrr,2.5,3.1,9.5,-0.0199,Southern_California.20200118.stacov.point-2020/05/17-22:28:42 
7,20200119,2020.0505,-16.7,19.0,-3.8,rrr,2.4,2.9,9.0,-0.0074,Southern_California.20200119.stacov.point-2020/05/18-22:27:35 
8,20200120,2020.0532,-16.2,19.7,0.3,rrr,2.5,3.1,9.5,-0.0263,Southern_California.20200120.stacov.point-2020/05/19-22:28:37 
9,20200121,2020.0559,-17.9,18.5,2.7,rrr,2.5,3.1,9.3,-0.0043,Southern_California.20200121.stacov.point-2020/05/20-22:28:19 
10,20200122,2020.0587,-17.7,19.1,0.2,rrr,2.4,3.1,9.3,0.017,Southern_California.20200122.stacov.point-2020/05/21-22:28:29 
11,20200123,2020.0614,-18.7,19.4,1.2,rrr,2.5,3.1,9.7,-0.0323,Southern_California.20200123.stacov.point-2020/05/22-22:27:35 
12,20200124,2020.0641,-16.8,17.9,-0.5,rrr,2.5,3.0,9.2,-0.0615,Southern_California.20200124.stacov.point-2020/05/23-22:28:43 
13,20200125,2020.0669,-18.3,17.2,0.3,rrr,2.4,3.1,9.3,0.0036,Southern_California.20200125.stacov.point-2020/05/24-22:27:34 
14,20200126,2020.0696,-16.6,16.7,2.0,rrr,2.5,3.1,9.3,0.0071,Southern_California.20200126.stacov.point-2020/05/25-22:29:41 
15,20200127,2020.0724,-17.3,16.9,-2.7,rrr,2.4,3.0,9.0,-0.0341,Southern_California.20200127.stacov.point-2020/05/26-22:28:26 
16,20200128,2020.0751,-16.1,17.3,4.4,rrr,2.5,3.1,9.7,-0.0388,Southern_California.20200128.stacov.point-2020/05/27-22:26:54 
17,20200129,2020.0778,-14.4,16.0,0.3,rrr,2.5,3.1,9.3,-0.0032,Southern_California.20200129.stacov.point-2020/05/28-22:28:35 
18,20200130,2020.0806,-16.9,16.8,2.4,rrr,2.4,3.1,9.3,0.0074,Southern_California.20200130.stacov.point-2020/05/29-22:28:32 
19,20200131,2020.0833,-15.3,18.4,-2.6,rrr,2.5,3.1,9.3,-0.0032,Southern_California.20200131.stacov.point-2020/05/30-22:28:43 
20,20200201,2020.0861,-16.3,18.6,-5.1,rrr,2.6,3.2,9.7,-0.05,Southern_California.20200201.stacov.point-2020/05/31-22:29:26 
21,20200202,2020.0888,-15.7,17.8,-1.7,rrr,2.5,3.1,9.3,-0.004,Southern_California.20200202.stacov.point-2020/06/01-22:29:04 
22,20200203,2020.0915,-16.6,17.5,2.5,rrr,2.5,3.1,9.5,-0.0218,Southern_California.20200203.stacov.point-2020/06/02-22:28:02 
23,20200204,2020.0943,-16.5,15.2,-6.0,rrr,2.5,3.1,9.3,-0.0121,Southern_California.20200204.stacov.point-2020/06/03-22:27:52 
24,20200205,2020.097,-16.8,15.5,0.2,rrr,2.4,3.1,9.1,0.0121,Southern_California.20200205.stacov.point-2020/06/04-22:28:50 
25,20200206,2020.0997,-16.1,15.3,-0.4,rrr,2.4,3.1,9.3,-0.0168,Southern_California.20200206.stacov.point-2020/06/05-22:30:52 
26,20200207,2020.1025,-15.2,16.9,-1.8,rrr,2.4,3.1,9.3,-0.0034,Southern_California.20200207.stacov.point-2020/06/06-22:27:54 
27,20200208,2020.1052,-15.5,15.5,0.4,rrr,2.4,3.1,9.3,-0.0111,Southern_California.20200208.stacov.point-2020/06/07-22:29:59 
28,20200209,2020.108,-15.2,17.1,3.9,rrr,2.5,3.2,9.3,-0.0303,Southern_California.20200209.stacov.point-2020/06/08-22:27:53 
29,20200210,2020.1107,-15.6,15.7,2.7,rrr,2.5,3.0,9.7,-0.0169,Southern_California.20200210.stacov.point-2020/06/09-22:27:56 
30,20200211,2020.1134,-16.2,13.9,2.6,rrr,2.5,3.1,9.3,-0.013,Southern_California.20200211.stacov.point-2020/06/10-22:30:03 
31,20200212,2020.1162,-14.7,16.4,-0.8,rrr,2.4,3.0,9.0,-0.035,Southern_California.20200212.stacov.point-2020/06/11-22:28:53 
32,20200213,2020.1189,-14.2,16.2,-2.8,rrr,2.4,3.1,9.3,-0.0003,Southern_California.20200213.stacov.point-2020/06/12-22:27:44 
33,20200214,2020.1216,-16.1,17.3,1.1,rrr,2.5,3.3,9.8,0.0138,Southern_California.20200214.stacov.point-2020/06/13-22:28:52 
34,20200215,2020.1244,-16.1,16.7,1.4,rrr,2.5,3.2,9.3,-0.0079,Southern_California.20200215.stacov.point-2020/06/14-22:29:17 
35,20200216,2020.1271,-15.4,15.6,-0.0,rrr,2.5,3.1,9.5,-0.0168,Southern_California.20200216.stacov.point-2020/06/15-22:27:40 
36,20200217,2020.1299,-15.4,14.2,2.6,rrr,2.4,3.1,9.3,0.0024,Southern_California.20200217.stacov.point-2020/06/16-22:29:14 
37,20200218,2020.1326,-13.3,16.6,4.0,rrr,2.4,3.1,9.3,-0.0012,Southern_California.20200218.stacov.point-2020/06/17-22:29:21 
38,20200219,2020.1353,-12.8,16.3,0.6,rrr,2.5,3.1,9.5,-0.0103,Southern_California.20200219.stacov.point-2020/06/18-22:29:19 
39,20200220,2020.1381,-14.3,17.0,-3.2,rrr,2.5,3.1,9.7,-0.0129,Southern_California.20200220.stacov.point-2020/06/19-22:28:58 
40,20200221,2020.1408,-12.9,16.1,-0.3,rrr,2.5,3.1,9.7,-0.0202,Southern_California.20200221.stacov.point-2020/06/20-22:29:20 
41,20200222,2020.1435,-15.4,16.7,-3.7,rrr,2.5,3.1,9.7,-0.0169,Southern_California.20200222.stacov.point-2020/06/21-22:28:29 
42,20200223,2020.1463,-14.0,15.0,5.6,rrr,2.5,3.0,9.5,-0.0197,Southern_California.20200223.stacov.point-2020/06/22-22:27:51 
43,20200224,2020.149,-11.9,14.1,-4.9,rrr,2.5,3.1,9.3,-0.0062,Southern_California.20200224.stacov.point-2020/06/23-22:27:40 
44,20200225,2020.1518,-14.5,14.6,0.0,rrr,2.5,3.1,9.5,0.0045,Southern_California.20200225.stacov.point-2020/06/24-22:28:45 
45,20200226,2020.1545,-13.6,14.5,-1.1,rrr,2.5,3.1,9.5,-0.0091,Southern_California.20200226.stacov.point-2020/06/25-22:29:25 
46,20200227,2020.1572,-14.7,14.6,-2.5,rrr,2.4,3.1,9.3,0.0058,Southern_California.20200227.stacov.point-2020/06/26-22:27:38 
47,20200228,2020.16,-14.2,12.1,-0.6,rrr,2.5,3.1,9.5,-0.0269,Southern_California.20200228.stacov.point-2020/06/27-22:30:13 
48,20200229,2020.1627,-12.6,10.8,1.0,rrr,2.5,3.2,9.8,0.0285,Southern_California.20200229.stacov.point-2020/06/28-22:29:53 
49,20200301,2020.1655,-13.8,11.1,3.7,rrr,2.5,3.2,9.7,0.0661,Southern_California.20200301.stacov.point-2020/06/29-22:30:53 
50,20200302,2020.1682,-16.8,13.3,-2.9,rrr,2.5,3.1,9.3,0.009,Southern_California.20200302.stacov.point-2020/06/30-22:30:11 
51,20200303,2020.1709,-12.9,12.4,8.4,rrr,2.5,3.1,9.5,-0.0019,Southern_California.20200303.stacov.point-2020/07/01-22:28:09 
52,20200304,2020.1737,-13.7,12.2,-0.0,rrr,2.5,3.1,9.5,-0.028,Southern_California.20200304.stacov.point-2020/07/02-22:31:30 
53,20200305,2020.1764,-12.5,13.3,0.7,rrr,2.4,3.1,9.1,0.0288,Southern_California.20200305.stacov.point-2020/07/03-22:30:00 
54,20200306,2020.1791,-12.1,13.4,-1.0,rrr,2.5,3.1,9.5,0.0167,Southern_California.20200306.stacov.point-2020/07/04-22:29:09 
55,20200307,2020.1819,-13.1,13.6,-0.1,rrr,2.4,3.1,9.3,0.0065,Southern_California.20200307.stacov.point-2020/07/05-22:30:32 
56,20200308,2020.1845,-13.3,12.1,5.0,rrr,2.4,3.1,9.3,0.0118,Southern_California.20200308.stacov.point-2020/07/06-22:31:29 
57,20200309,2020.1872,-12.3,14.5,2.7,rrr,2.4,3.0,9.0,-0.0217,Southern_California.20200309.stacov.point-2020/07/07-22:28:18 
58,20200310,2020.19,-13.5,13.4,0.4,rrr,2.5,3.2,9.7,-0.0701,Southern_California.20200310.stacov.point-2020/07/08-22:31:45 
59,20200311,2020.1927,-12.3,13.0,-0.9,rrr,2.5,3.2,9.7,-0.0718,Southern_California.20200311.stacov.point-2020/07/09-22:32:07 
60,20200312,2020.1955,-14.1,11.3,-1.5,rrr,2.5,3.2,9.3,-0.0308,Southern_California.20200312.stacov.point-2020/07/10-22:31:20 
61,20200313,2020.1982,-14.1,11.6,-1.1,rrr,2.5,3.2,9.4,-0.0278,Southern_California.20200313.stacov.point-2020/07/11-22:31:09 
62,20200314,2020.2009,-13.6,13.1,-1.6,rrr,2.6,3.2,9.7,-0.0585,Southern_California.20200314.stacov.point-2020/07/12-22:29:12 
63,20200315,2020.2037,-12.9,12.7,1.8,rrr,2.6,3.3,9.9,-0.0194,Southern_California.20200315.stacov.point-2020/07/13-22:27:34 
64,20200316,2020.2064,-11.9,13.8,6.4,rrr,2.6,3.2,9.7,-0.0406,Southern_California.20200316.stacov.point-2020/07/14-22:28:16 
65,20200317,2020.2091,-12.9,11.9,0.5,rrr,2.6,3.2,9.7,-0.054,Southern_California.20200317.stacov.point-2020/07/15-22:29:33 
66,20200318,2020.2119,-13.6,11.9,3.8,rrr,2.5,3.3,9.8,0.0158,Southern_California.20200318.stacov.point-2020/07/16-22:30:48 
67,20200319,2020.2146,-12.3,13.3,4.0,rrr,2.8,3.5,10.9,-0.0917,Southern_California.20200319.stacov.point-2020/07/17-22:27:00 
68,20200320,2020.2174,-13.7,12.9,0.6,rrr,2.7,3.3,10.0,-0.1087,Southern_California.20200320.stacov.point-2020/07/18-22:29:00 
69,20200321,2020.2201,-12.6,12.1,-1.1,rrr,2.5,3.2,9.7,-0.0492,Southern_California.20200321.stacov.point-2020/07/19-22:27:24 
70,20200322,2020.2228,-12.7,14.0,3.8,rrr,2.5,3.1,9.5,-0.0312,Southern_California.20200322.stacov.point-2020/07/20-22:31:15 
71,20200323,2020.2256,-12.7,14.1,0.1,rrr,2.5,3.1,9.7,-0.0413,Southern_California.20200323.stacov.point-2020/07/21-22:28:22 
72,20200324,2020.2283,-13.0,10.8,-5.7,rrr,2.5,3.1,9.7,-0.0597,Southern_California.20200324.stacov.point-2020/07/22-22:26:50 
73,20200325,2020.231,-11.9,10.9,-5.3,rrr,2.5,3.1,9.7,-0.0526,Southern_California.20200325.stacov.point-2020/07/23-22:29:11 
74,20200326,2020.2338,-13.0,9.8,1.7,rrr,2.5,3.3,9.8,-0.0054,Southern_California.20200326.stacov.point-2020/07/24-22:27:28 
75,20200327,2020.2365,-12.8,9.4,5.5,rrr,2.5,3.2,9.3,-0.0259,Southern_California.20200327.stacov.point-2020/07/25-22:29:49 
76,20200328,2020.2393,-11.4,10.6,2.4,rrr,2.6,3.1,9.7,-0.0565,Southern_California.20200328.stacov.point-2020/07/26-22:27:44 
77,20200329,2020.242,-13.0,11.2,-2.6,rrr,2.5,3.1,9.5,-0.0354,Southern_California.20200329.stacov.point-2020/07/27-22:26:49 
78,20200330,2020.2447,-11.8,10.3,-1.5,rrr,2.5,3.3,9.8,-0.0202,Southern_California.20200330.stacov.point-2020/07/28-22:26:40 
79,20200331,2020.2475,-11.2,10.3,-5.5,rrr,2.5,3.1,9.7,-0.0677,Southern_California.20200331.stacov.point-2020/07/29-22:27:14 
80,20200401,2020.2502,-12.0,9.7,-0.3,rrr,2.5,3.1,9.7,-0.0808,Southern_California.20200401.stacov.point-2020/07/30-22:28:23 
81,20200402,2020.253,-12.6,10.6,4.7,rrr,2.5,3.1,9.5,-0.0525,Southern_California.20200402.stacov.point-2020/07/31-22:27:24 
82,20200403,2020.2557,-11.1,10.1,-0.9,rrr,2.5,3.1,9.7,-0.071,Southern_California.20200403.stacov.point-2020/08/01-22:26:41 
83,20200404,2020.2584,-11.0,11.1,-2.9,rrr,2.5,3.1,9.5,-0.0499,Southern_California.20200404.stacov.point-2020/08/02-22:27:06 
84,20200405,2020.2612,-11.7,8.8,7.0,rrr,2.6,3.3,9.8,-0.0085,Southern_California.20200405.stacov.point-2020/08/03-22:29:32 
85,20200406,2020.2639,-11.2,11.0,8.5,rrr,2.5,3.1,9.5,-0.0463,Southern_California.20200406.stacov.point-2020/08/04-22:26:20 
86,20200407,2020.2666,-11.1,10.2,-0.0,rrr,2.6,3.2,9.7,-0.0882,Southern_California.20200407.stacov.point-2020/08/05-22:26:52 
87,20200408,2020.2694,-11.4,10.6,3.7,rrr,2.5,3.1,9.7,-0.06,Southern_California.20200408.stacov.point-2020/08/06-22:30:14 
88,20200409,2020.2721,-12.0,10.0,-2.6,rrr,2.5,3.1,9.7,-0.0743,Southern_California.20200409.stacov.point-2020/08/07-22:28:29 
89,20200410,2020.2749,-12.1,10.3,0.1,rrr,2.5,3.2,9.7,-0.0448,Southern_California.20200410.stacov.point-2020/08/08-22:28:39 
90,20200411,2020.2776,-13.1,9.1,1.5,rrr,2.5,3.3,9.8,-0.0038,Southern_California.20200411.stacov.point-2020/08/09-22:29:34 
91,20200412,2020.2803,-11.8,9.7,5.1,rrr,2.6,3.2,9.7,-0.084,Southern_California.20200412.stacov.point-2020/08/10-22:29:43 
92,20200413,2020.2831,-10.9,10.5,1.8,rrr,2.6,3.3,9.8,-0.0377,Southern_California.20200413.stacov.point-2020/08/11-22:28:30 
93,20200414,2020.2858,-10.7,10.0,2.3,rrr,2.6,3.3,9.8,-0.0241,Southern_California.20200414.stacov.point-2020/08/12-22:28:09 
94,20200415,2020.2885,-11.1,10.6,-0.1,rrr,2.6,3.2,9.7,-0.0667,Southern_California.20200415.stacov.point-2020/08/13-22:29:58 
95,20200416,2020.2913,-9.4,9.5,5.2,rrr,2.6,3.2,9.7,-0.0571,Southern_California.20200416.stacov.point-2020/08/14-22:27:40 
96,20200417,2020.294,-9.8,8.8,0.6,rrr,2.6,3.3,9.8,0.0019,Southern_California.20200417.stacov.point-2020/08/15-22:27:50 
97,20200418,2020.2968,-11.8,10.2,8.9,rrr,2.6,3.2,9.7,-0.0741,Southern_California.20200418.stacov.point-2020/08/16-22:27:45 
98,20200419,2020.2995,-9.8,11.3,6.5,rrr,2.6,3.1,9.7,-0.0607,Southern_California.20200419.stacov.point-2020/08/17-22:28:31 
99,20200420,2020.3022,-10.5,10.4,-1.4,rrr,2.5,3.1,9.5,-0.0419,Southern_California.20200420.stacov.point-2020/08/18-22:27:22 
100,20200421,2020.305,-9.7,10.5,2.0,rrr,2.5,3.2,9.5,-0.0428,Southern_California.20200421.stacov.point-2020/08/19-22:28:26 
101,20200422,2020.3077,-10.0,10.8,5.1,rrr,2.5,3.2,9.3,-0.0222,Southern_California.20200422.stacov.point-2020/08/20-22:26:53 
102,20200423,2020.3104,-10.9,9.5,5.2,rrr,2.6,3.3,10.0,-0.0282,Southern_California.20200423.stacov.point-2020/06/21-22:39:02 
103,20200424,2020.3132,-10.8,9.9,4.8,rrr,2.6,3.2,9.7,-0.0536,Southern_California.20200424.stacov.point-2020/06/22-22:37:53 
104,20200425,2020.3159,-10.8,8.3,4.2,rrr,2.5,3.2,9.3,-0.0147,Southern_California.20200425.stacov.point-2020/06/23-22:37:38 
105,20200426,2020.3187,-9.5,9.3,4.5,rrr,2.5,3.2,9.4,-0.0305,Southern_California.20200426.stacov.point-2020/08/24-22:26:27 
106,20200427,2020.3214,-10.2,9.5,2.0,rrr,2.5,3.1,9.2,-0.0915,Southern_California.20200427.stacov.point-2020/08/25-22:27:15 
107,20200428,2020.3241,-10.9,7.9,2.5,rrr,2.5,3.2,9.4,-0.0443,Southern_California.20200428.stacov.point-2020/08/26-22:28:24 
108,20200429,2020.3269,-9.7,9.1,2.4,rrr,2.6,3.1,9.7,-0.0493,Southern_California.20200429.stacov.point-2020/08/27-22:28:59 
109,20200430,2020.3296,-11.4,8.5,6.0,rrr,2.5,3.2,9.4,-0.0345,Southern_California.20200430.stacov.point-2020/08/28-22:28:52 
110,20200501,2020.3324,-11.2,8.7,5.8,rrr,2.5,3.2,9.3,-0.0133,Southern_California.20200501.stacov.point-2020/08/29-22:28:08 
111,20200502,2020.3351,-9.4,9.5,2.8,rrr,2.5,3.1,9.2,-0.0912,Southern_California.20200502.stacov.point-2020/08/30-22:28:45 
112,20200503,2020.3378,-9.2,9.3,6.8,rrr,2.5,3.1,9.4,-0.0444,Southern_California.20200503.stacov.point-2020/08/31-22:29:29 
113,20200504,2020.3406,-8.3,8.3,2.5,rrr,2.5,3.2,9.7,-0.0646,Southern_California.20200504.stacov.point-2020/09/01-22:28:19 
114,20200505,2020.3433,-9.3,10.5,3.7,rrr,2.6,3.4,10.0,-0.0246,Southern_California.20200505.stacov.point-2020/09/02-22:27:47 
115,20200506,2020.346,-7.9,9.1,1.3,rrr,2.5,3.2,9.7,-0.0686,Southern_California.20200506.stacov.point-2020/09/03-22:30:04 
116,20200507,2020.3488,-8.2,7.6,6.1,rrr,2.5,3.2,9.7,-0.0653,Southern_California.20200507.stacov.point-2020/09/04-22:26:58 
117,20200508,2020.3515,-9.4,8.4,3.7,rrr,2.6,3.3,9.6,-0.0786,Southern_California.20200508.stacov.point-2020/09/05-22:26:42 
118,20200509,2020.3543,-9.0,9.7,-0.6,rrr,2.5,3.2,9.7,-0.078,Southern_California.20200509.stacov.point-2020/09/06-22:27:02 
119,20200510,2020.357,-8.3,9.6,-3.1,rrr,2.6,3.3,9.6,-0.0904,Southern_California.20200510.stacov.point-2020/09/07-22:26:57 
120,20200511,2020.3597,-8.8,7.4,1.6,rrr,2.5,3.1,9.7,-0.0389,Southern_California.20200511.stacov.point-2020/09/08-22:27:52 
121,20200512,2020.3625,-8.7,8.8,8.7,rrr,2.5,3.3,9.8,-0.0026,Southern_California.20200512.stacov.point-2020/09/09-22:26:57 
122,20200513,2020.3652,-9.0,8.8,-2.8,rrr,2.5,3.2,9.5,-0.0586,Southern_California.20200513.stacov.point-2020/09/10-22:29:17 
123,20200514,2020.3679,-8.3,8.3,4.7,rrr,2.6,3.2,9.7,-0.0758,Southern_California.20200514.stacov.point-2020/09/11-22:27:00 
124,20200515,2020.3707,-8.5,9.6,1.3,rrr,2.5,3.1,9.7,-0.0641,Southern_California.20200515.stacov.point-2020/09/12-22:27:11 
125,20200516,2020.3734,-8.9,9.4,2.2,rrr,2.6,3.2,10.0,-0.0171,Southern_California.20200516.stacov.point-2020/09/13-22:28:48 
126,20200517,2020.3762,-7.7,8.3,2.0,rrr,2.6,3.2,9.8,0.0045,Southern_California.20200517.stacov.point-2020/09/14-22:28:38 
127,20200518,2020.3789,-7.1,9.2,-1.1,rrr,2.6,3.3,10.0,-0.0147,Southern_California.20200518.stacov.point-2020/09/15-22:27:50 
128,20200519,2020.3816,-8.7,7.0,-1.4,rrr,2.5,3.2,9.4,-0.0422,Southern_California.20200519.stacov.point-2020/09/16-22:29:29 
129,20200520,2020.3844,-9.0,8.9,3.9,rrr,2.5,3.3,9.8,-0.0032,Southern_California.20200520.stacov.point-2020/09/17-22:30:13 
130,20200521,2020.3871,-10.0,10.6,1.2,rrr,2.6,3.1,9.7,-0.0623,Southern_California.20200521.stacov.point-2020/09/18-22:28:29 
131,20200522,2020.3898,-9.8,8.6,-0.9,rrr,2.5,3.1,9.7,-0.0679,Southern_California.20200522.stacov.point-2020/09/19-22:28:55 
132,20200523,2020.3926,-7.8,8.5,2.6,rrr,2.6,3.2,9.7,-0.0434,Southern_California.20200523.stacov.point-2020/09/20-22:29:12 
133,20200524,2020.3953,-9.3,9.1,-0.9,rrr,2.5,3.2,9.4,-0.0084,Southern_California.20200524.stacov.point-2020/09/21-22:28:46 
134,20200525,2020.3981,-7.6,9.0,-2.5,rrr,2.5,3.2,9.5,-0.0497,Southern_California.20200525.stacov.point-2020/09/22-22:27:51 
135,20200526,2020.4008,-6.3,7.4,1.0,rrr,2.5,3.1,9.7,-0.0444,Southern_California.20200526.stacov.point-2020/09/23-22:30:03 
136,20200527,2020.4035,-7.6,8.2,-1.7,rrr,2.5,3.2,9.5,-0.0529,Southern_California.20200527.stacov.point-2020/09/24-22:28:59 
137,20200528,2020.4063,-5.5,7.9,2.3,rrr,2.6,3.3,10.0,-0.0212,Southern_California.20200528.stacov.point-2020/09/25-22:28:04 
138,20200529,2020.409,-7.2,8.4,-0.4,rrr,2.5,3.4,9.8,-0.0268,Southern_California.20200529.stacov.point-2020/09/26-22:27:52 
139,20200530,2020.4117,-6.5,7.9,2.9,rrr,2.5,3.1,9.7,-0.0631,Southern_California.20200530.stacov.point-2020/09/27-22:27:58 
140,20200531,2020.4145,-8.1,8.6,-0.1,rrr,2.6,3.1,9.7,-0.0492,Southern_California.20200531.stacov.point-2020/09/28-22:27:54 
141,20200601,2020.4172,-7.2,7.8,1.3,rrr,2.6,3.2,9.7,-0.0642,Southern_California.20200601.stacov.point-2020/09/29-22:29:06 
142,20200602,2020.42,-6.7,7.1,-4.6,rrr,2.6,3.2,9.7,-0.0583,Southern_California.20200602.stacov.point-2020/09/30-22:29:49 
143,20200603,2020.4227,-6.1,6.8,-1.4,rrr,2.6,3.2,9.7,-0.0668,Southern_California.20200603.stacov.point-2020/10/01-22:31:59 
144,20200604,2020.4254,-7.0,6.9,-4.4,rrr,2.7,3.4,10.1,-0.0405,Southern_California.20200604.stacov.point-2020/10/02-22:30:34 
145,20200605,2020.4282,-9.9,6.8,-1.3,rrr,2.7,3.4,10.1,-0.0378,Southern_California.20200605.stacov.point-2020/10/03-22:30:48 
146,20200606,2020.4309,-6.7,6.9,-1.2,rrr,2.7,3.5,10.5,-0.0052,Southern_California.20200606.stacov.point-2020/10/04-22:29:12 
147,20200607,2020.4337,-6.8,5.3,-0.0,rrr,2.6,3.1,9.7,-0.043,Southern_California.20200607.stacov.point-2020/10/05-22:27:03 
148,20200608,2020.4364,-4.7,5.3,1.9,rrr,2.6,3.3,9.9,-0.0556,Southern_California.20200608.stacov.point-2020/10/06-22:30:08 
149,20200609,2020.4391,-6.1,6.1,4.0,rrr,2.6,3.2,9.7,-0.049,Southern_California.20200609.stacov.point-2020/10/07-22:28:57 
150,20200610,2020.4419,-6.6,5.7,3.9,rrr,2.6,3.2,9.6,-0.06,Southern_California.20200610.stacov.point-2020/10/08-22:32:09 
151,20200611,2020.4446,-7.1,6.6,-3.0,rrr,2.6,3.2,9.7,-0.0365,Southern_California.20200611.stacov.point-2020/10/09-22:26:54 
152,20200612,2020.4473,-5.1,7.7,-1.4,rrr,2.5,3.3,9.8,0.0016,Southern_California.20200612.stacov.point-2020/10/10-22:27:58 
153,20200613,2020.4501,-5.7,7.0,5.4,rrr,2.5,3.2,9.7,-0.0614,Southern_California.20200613.stacov.point-2020/10/11-22:29:14 
154,20200614,2020.4528,-5.2,6.6,4.4,rrr,2.5,3.2,9.7,-0.0565,Southern_California.20200614.stacov.point-2020/10/12-22:32:19 
155,20200615,2020.4556,-5.8,7.4,2.5,rrr,2.6,3.2,9.7,-0.0774,Southern_California.20200615.stacov.point-2020/10/13-22:31:30 
156,20200616,2020.4583,-7.7,6.7,6.8,rrr,2.5,3.2,9.3,-0.0318,Southern_California.20200616.stacov.point-2020/10/14-22:29:57 
157,20200617,2020.461,-6.2,7.8,6.5,rrr,2.5,3.2,9.7,-0.0601,Southern_California.20200617.stacov.point-2020/10/15-22:30:18 
158,20200618,2020.4638,-6.5,6.2,-2.3,rrr,2.6,3.3,9.8,-0.0077,Southern_California.20200618.stacov.point-2020/10/16-22:27:59 
159,20200619,2020.4665,-6.6,7.1,1.9,rrr,2.6,3.2,9.7,-0.0609,Southern_California.20200619.stacov.point-2020/10/17-22:27:37 
160,20200620,2020.4692,-5.6,6.1,-1.9,rrr,2.5,3.2,9.7,-0.0665,Southern_California.20200620.stacov.point-2020/10/18-22:28:57 
161,20200621,2020.472,-6.1,6.5,3.2,rrr,2.5,3.2,9.5,-0.0619,Southern_California.20200621.stacov.point-2020/10/19-22:28:05 
162,20200622,2020.4747,-4.2,5.9,-0.1,rrr,2.5,3.2,9.3,-0.0312,Southern_California.20200622.stacov.point-2020/10/20-22:31:59 
163,20200623,2020.4775,-6.0,5.9,3.9,rrr,2.6,3.2,9.7,-0.0694,Southern_California.20200623.stacov.point-2020/10/21-22:29:25 
164,20200624,2020.4802,-5.3,4.3,2.0,rrr,2.6,3.2,9.6,-0.0362,Southern_California.20200624.stacov.point-2020/10/22-22:30:06 
165,20200625,2020.4829,-5.4,5.2,-3.1,rrr,2.5,3.2,9.7,-0.067,Southern_California.20200625.stacov.point-2020/10/23-22:29:35 
166,20200626,2020.4857,-6.4,6.8,-1.5,rrr,2.6,3.3,9.6,-0.116,Southern_California.20200626.stacov.point-2020/10/24-22:29:44 
167,20200627,2020.4884,-6.1,5.7,5.5,rrr,2.6,3.4,10.0,-0.0606,Southern_California.20200627.stacov.point-2020/10/25-22:27:50 
168,20200628,2020.4911,-6.4,4.9,3.2,rrr,2.6,3.2,9.6,-0.0812,Southern_California.20200628.stacov.point-2020/10/26-22:28:30 
169,20200629,2020.4939,-7.3,4.6,7.7,rrr,2.6,3.2,9.6,-0.0696,Southern_California.20200629.stacov.point-2020/10/27-22:32:07 
170,20200630,2020.4966,-5.4,4.4,-0.8,rrr,2.6,3.4,10.0,-0.0688,Southern_California.20200630.stacov.point-2020/10/28-22:28:17 
171,20200701,2020.4994,-5.7,6.5,1.1,rrr,2.6,3.3,10.0,-0.046,Southern_California.20200701.stacov.point-2020/10/29-22:32:53 
172,20200702,2020.5021,-5.1,5.4,-0.2,rrr,2.6,3.2,9.7,-0.0677,Southern_California.20200702.stacov.point-2020/10/30-22:30:51 
173,20200703,2020.5048,-4.7,3.9,-1.1,rrr,2.6,3.2,9.7,-0.0739,Southern_California.20200703.stacov.point-2020/10/31-22:31:19 
174,20200704,2020.5076,-4.9,4.4,1.3,rrr,2.6,3.2,9.7,-0.079,Southern_California.20200704.stacov.point-2020/11/01-22:27:36 
175,20200705,2020.5103,-5.4,4.4,-2.9,rrr,2.6,3.2,9.6,-0.0629,Southern_California.20200705.stacov.point-2020/11/02-22:27:35 
176,20200706,2020.5131,-5.9,5.5,-5.1,rrr,2.6,3.2,9.7,-0.0727,Southern_California.20200706.stacov.point-2020/11/03-22:29:54 
177,20200707,2020.5158,-6.5,3.8,-1.3,rrr,2.6,3.2,9.7,-0.0705,Southern_California.20200707.stacov.point-2020/11/04-22:30:32 
178,20200708,2020.5185,-4.3,2.9,4.2,rrr,2.5,3.2,9.7,-0.0877,Southern_California.20200708.stacov.point-2020/11/05-22:30:04 
179,20200709,2020.5213,-4.8,2.5,0.6,rrr,2.7,3.3,10.0,-0.1255,Southern_California.20200709.stacov.point-2020/11/06-22:31:12 
180,20200710,2020.524,-6.0,3.5,1.9,rrr,2.7,3.3,10.2,-0.0379,Southern_California.20200710.stacov.point-2020/11/07-22:27:43 
181,20200711,2020.5267,-5.2,5.0,-3.7,rrr,2.5,3.2,9.7,-0.0468,Southern_California.20200711.stacov.point-2020/11/08-22:31:07 
182,20200712,2020.5295,-4.6,5.9,-0.2,rrr,2.6,3.3,10.2,-0.0499,Southern_California.20200712.stacov.point-2020/11/09-22:28:06 
183,20200713,2020.5322,-3.2,2.2,2.8,rrr,2.7,3.4,10.1,-0.0606,Southern_California.20200713.stacov.point-2020/11/10-22:28:45 
184,20200714,2020.535,-3.5,5.3,-1.7,rrr,2.7,3.3,10.0,-0.0988,Southern_California.20200714.stacov.point-2020/11/11-22:29:23 
185,20200715,2020.5377,-5.7,2.4,-1.1,rrr,2.6,3.3,9.6,-0.0813,Southern_California.20200715.stacov.point-2020/11/12-22:30:48 
186,20200716,2020.5404,-6.0,4.2,-4.9,rrr,2.6,3.2,9.7,-0.0602,Southern_California.20200716.stacov.point-2020/11/13-22:29:17 
187,20200717,2020.5432,-3.4,4.1,-6.4,rrr,2.6,3.3,9.9,-0.0999,Southern_California.20200717.stacov.point-2020/11/14-22:28:52 
188,20200718,2020.5459,-5.6,3.1,0.2,rrr,2.6,3.2,9.9,-0.0979,Southern_California.20200718.stacov.point-2020/11/15-22:30:13 
189,20200719,2020.5486,-4.4,3.6,-1.4,rrr,2.7,3.4,10.1,-0.0661,Southern_California.20200719.stacov.point-2020/11/16-22:28:47 
190,20200720,2020.5514,-5.3,0.7,-7.4,rrr,2.6,3.2,9.7,-0.0877,Southern_California.20200720.stacov.point-2020/11/17-22:30:38 
191,20200721,2020.5541,-5.8,2.4,0.9,rrr,2.6,3.4,10.0,-0.0414,Southern_California.20200721.stacov.point-2020/11/18-22:29:27 
192,20200722,2020.5569,-5.2,2.4,-2.8,rrr,2.6,3.3,10.2,-0.0528,Southern_California.20200722.stacov.point-2020/11/19-22:28:32 
193,20200723,2020.5596,-4.6,2.1,-0.6,rrr,2.6,3.4,9.8,-0.0147,Southern_California.20200723.stacov.point-2020/11/20-22:29:22 
194,20200724,2020.5623,-3.4,3.6,-1.9,rrr,2.6,3.2,9.6,-0.0675,Southern_California.20200724.stacov.point-2020/11/21-22:27:59 
195,20200725,2020.5651,-4.5,3.2,1.4,rrr,2.7,3.4,10.1,-0.0605,Southern_California.20200725.stacov.point-2020/11/22-22:27:44 
196,20200726,2020.5678,-5.1,2.3,-1.6,rrr,2.6,3.3,9.6,-0.0976,Southern_California.20200726.stacov.point-2020/11/23-22:27:35 
197,20200727,2020.5705,-5.1,2.7,4.9,rrr,2.6,3.3,10.2,-0.0823,Southern_California.20200727.stacov.point-2020/11/24-22:27:18 
198,20200728,2020.5733,-5.0,1.7,-2.3,rrr,2.7,3.4,10.1,-0.0516,Southern_California.20200728.stacov.point-2020/11/25-22:27:06 
199,20200729,2020.576,-4.0,3.7,1.6,rrr,2.6,3.4,9.8,-0.0336,Southern_California.20200729.stacov.point-2020/11/26-22:29:32 
200,20200730,2020.5788,-4.3,2.5,-5.1,rrr,2.6,3.4,10.0,-0.054,Southern_California.20200730.stacov.point-2020/11/27-22:27:45 
201,20200731,2020.5815,-4.2,3.3,-3.9,rrr,2.7,3.4,10.4,-0.0944,Southern_California.20200731.stacov.point-2020/11/28-22:27:55 
202,20200801,2020.5842,-5.5,3.4,-6.1,rrr,2.7,3.4,10.1,-0.0732,Southern_California.20200801.stacov.point-2020/11/29-22:28:11 
203,20200802,2020.587,-3.6,2.4,-4.1,rrr,2.7,3.2,9.8,-0.1032,Southern_California.20200802.stacov.point-2020/11/30-22:27:46 
204,20200803,2020.5897,-5.7,1.0,-9.7,rrr,2.6,3.3,9.6,-0.0804,Southern_California.20200803.stacov.point-2020/12/01-22:27:06 
205,20200804,2020.5925,-4.7,1.6,-0.8,rrr,2.6,3.3,9.6,-0.068,Southern_California.20200804.stacov.point-2020/12/02-22:27:17 
206,20200805,2020.5952,-4.1,1.5,-0.5,rrr,2.6,3.3,9.6,-0.0946,Southern_California.20200805.stacov.point-2020/12/03-22:27:49 
207,20200806,2020.5979,-4.2,1.8,-1.6,rrr,2.6,3.4,9.9,-0.0465,Southern_California.20200806.stacov.point-2020/12/04-22:28:55 
208,20200807,2020.6007,-2.4,1.7,-1.9,rrr,2.6,3.3,9.6,-0.0821,Southern_California.20200807.stacov.point-2020/12/05-22:26:50 
209,20200808,2020.6034,-3.6,1.3,0.4,rrr,2.6,3.3,9.6,-0.0818,Southern_California.20200808.stacov.point-2020/12/06-22:27:21 
210,20200809,2020.6061,-4.0,1.1,-3.4,rrr,2.7,3.5,10.1,-0.0498,Southern_California.20200809.stacov.point-2020/12/07-22:27:18 
211,20200810,2020.6089,-4.8,1.5,1.8,rrr,2.6,3.2,9.6,-0.0925,Southern_California.20200810.stacov.point-2020/12/08-22:27:34 
212,20200811,2020.6116,-4.5,2.2,2.5,rrr,2.7,3.4,10.4,-0.1041,Southern_California.20200811.stacov.point-2020/12/09-22:26:07 
213,20200812,2020.6144,-4.7,0.6,-2.1,rrr,2.6,3.4,9.9,-0.0647,Southern_California.20200812.stacov.point-2020/12/10-22:28:00 
214,20200813,2020.6171,-2.7,0.8,-3.5,rrr,2.7,3.5,10.3,-0.091,Southern_California.20200813.stacov.point-2020/12/11-22:27:58 
215,20200814,2020.6198,-2.8,1.6,-6.3,rrr,2.6,3.3,9.9,-0.1113,Southern_California.20200814.stacov.point-2020/12/12-22:27:36 
216,20200815,2020.6226,-1.8,1.3,-7.2,rrr,2.6,3.3,9.6,-0.0854,Southern_California.20200815.stacov.point-2020/12/13-22:27:04 
217,20200816,2020.6253,-3.2,1.7,1.9,rrr,2.6,3.3,9.6,-0.0804,Southern_California.20200816.stacov.point-2020/12/14-22:28:03 
218,20200817,2020.628,-4.5,3.2,-6.2,rrr,2.6,3.3,9.6,-0.1053,Southern_California.20200817.stacov.point-2020/12/15-22:29:10 
219,20200818,2020.6308,-3.9,1.3,-6.5,rrr,2.7,3.3,10.0,-0.1025,Southern_California.20200818.stacov.point-2020/12/16-22:29:16 
220,20200819,2020.6335,-3.5,1.4,-6.9,rrr,2.6,3.4,9.9,-0.0953,Southern_California.20200819.stacov.point-2020/12/17-22:30:20 
221,20200820,2020.6363,-2.1,0.9,-3.3,rrr,2.6,3.3,9.6,-0.0738,Southern_California.20200820.stacov.point-2020/12/18-22:29:13 
222,20200821,2020.639,-1.5,1.9,-4.4,rrr,2.6,3.3,9.9,-0.0962,Southern_California.20200821.stacov.point-2020/12/19-22:29:21 
223,20200822,2020.6417,-2.3,0.7,-10.8,rrr,2.6,3.3,9.9,-0.1164,Southern_California.20200822.stacov.point-2020/12/20-22:27:49 
224,20200823,2020.6445,-1.8,1.1,-9.5,rrr,2.6,3.3,9.9,-0.1066,Southern_California.20200823.stacov.point-2020/12/21-22:28:59 
225,20200824,2020.6472,-3.6,-0.5,1.9,rrr,2.6,3.3,9.9,-0.0894,Southern_California.20200824.stacov.point-2020/12/22-22:29:00 
226,20200825,2020.6499,-2.7,-1.2,-6.3,rrr,2.6,3.4,10.0,-0.0311,Southern_California.20200825.stacov.point-2020/12/23-22:28:30 
227,20200826,2020.6527,-2.2,0.7,-7.5,rrr,2.6,3.2,9.6,-0.0874,Southern_California.20200826.stacov.point-2020/12/24-22:30:38 
228,20200827,2020.6554,-3.6,-0.7,-2.9,rrr,2.6,3.3,9.6,-0.0802,Southern_California.20200827.stacov.point-2020/12/25-22:29:53 
229,20200828,2020.6582,-2.9,-0.1,-4.1,rrr,2.6,3.3,9.9,-0.0942,Southern_California.20200828.stacov.point-2020/12/26-22:28:42 
230,20200829,2020.6609,-1.9,-1.5,0.3,rrr,2.6,3.3,9.6,-0.0753,Southern_California.20200829.stacov.point-2020/12/27-22:29:52 
231,20200830,2020.6636,-3.1,0.3,2.8,rrr,2.6,3.3,9.6,-0.081,Southern_California.20200830.stacov.point-2020/12/28-22:29:12 
232,20200831,2020.6664,-1.1,0.9,-6.8,rrr,2.6,3.3,9.9,-0.088,Southern_California.20200831.stacov.point-2020/12/29-22:27:44 
233,20200901,2020.6691,-1.4,-0.7,4.2,rrr,2.6,3.3,9.6,-0.0561,Southern_California.20200901.stacov.point-2020/12/30-22:27:49 
234,20200902,2020.6719,-2.4,0.4,-3.7,rrr,2.6,3.3,9.6,-0.0675,Southern_California.20200902.stacov.point-2020/12/31-22:29:01 
235,20200903,2020.6746,-1.4,-0.2,-1.9,rrr,2.6,3.3,9.6,-0.0576,Southern_California.20200903.stacov.point-2021/01/01-22:27:26 
236,20200904,2020.6773,-0.4,-0.2,-5.2,rrr,2.6,3.3,9.6,-0.0727,Southern_California.20200904.stacov.point-2021/01/02-22:27:51 
237,20200905,2020.6801,-0.1,-0.1,-9.0,rrr,2.8,3.6,10.8,-0.0406,Southern_California.20200905.stacov.point-2021/01/03-22:27:51 
238,20200906,2020.6828,-0.2,0.1,0.6,rrr,2.6,3.4,9.8,-0.0693,Southern_California.20200906.stacov.point-2021/01/04-22:27:57 
239,20200907,2020.6855,-2.7,-1.6,-3.4,rrr,2.6,3.4,10.0,-0.0432,Southern_California.20200907.stacov.point-2021/01/05-22:27:28 
240,20200908,2020.6883,-1.3,-1.1,-5.4,rrr,2.6,3.4,10.0,-0.0396,Southern_California.20200908.stacov.point-2021/01/06-22:27:15 
241,20200909,2020.691,-2.9,0.4,1.6,rrr,2.6,3.4,10.0,-0.0347,Southern_California.20200909.stacov.point-2021/01/07-22:27:58 
242,20200910,2020.6938,-1.3,-0.4,-6.9,rrr,2.6,3.3,9.9,-0.0799,Southern_California.20200910.stacov.point-2021/01/08-22:27:33 
243,20200911,2020.6965,-1.2,-0.7,-1.3,rrr,2.6,3.5,10.1,-0.0484,Southern_California.20200911.stacov.point-2021/01/09-22:27:31 
244,20200912,2020.6992,0.3,-0.6,-5.6,rrr,2.6,3.3,9.9,-0.1002,Southern_California.20200912.stacov.point-2021/01/10-22:27:40 
245,20200913,2020.702,-0.3,-1.7,-5.5,rrr,2.6,3.3,9.6,-0.0822,Southern_California.20200913.stacov.point-2021/01/11-22:27:36 
246,20200914,2020.7047,0.8,-1.0,-5.5,rrr,2.6,3.3,9.6,-0.0868,Southern_California.20200914.stacov.point-2021/01/12-22:27:46 
247,20200915,2020.7074,-0.4,0.5,-4.3,rrr,2.8,3.3,10.2,-0.1425,Southern_California.20200915.stacov.point-2021/01/13-22:27:34 
248,20200916,2020.7102,-0.1,0.4,-10.8,rrr,2.8,3.3,10.2,-0.1621,Southern_California.20200916.stacov.point-2021/01/14-22:28:30 
249,20200917,2020.7129,-0.6,2.6,3.1,rrr,2.7,3.5,10.3,-0.0729,Southern_California.20200917.stacov.point-2021/01/15-22:27:46 
250,20200918,2020.7157,-1.5,-0.0,-3.3,rrr,2.7,3.4,10.0,-0.1346,Southern_California.20200918.stacov.point-2021/01/16-22:27:54 
251,20200919,2020.7184,0.6,-1.8,0.0,rrr,2.7,3.4,10.0,-0.1261,Southern_California.20200919.stacov.point-2021/01/17-22:28:02 
252,20200920,2020.7211,0.2,-1.9,-8.0,rrr,2.6,3.3,9.6,-0.0828,Southern_California.20200920.stacov.point-2021/01/18-22:27:51 
253,20200921,2020.7239,1.8,-0.3,-6.6,rrr,2.6,3.4,10.1,-0.0499,Southern_California.20200921.stacov.point-2021/01/19-22:28:01 
254,20200922,2020.7266,-0.3,-1.2,-10.3,rrr,2.8,3.3,10.4,-0.0571,Southern_California.20200922.stacov.point-2021/01/20-22:27:32 
255,20200923,2020.7293,-1.5,-2.0,-5.3,rrr,2.7,3.3,9.6,-0.0595,Southern_California.20200923.stacov.point-2021/01/21-22:28:28 
256,20200924,2020.7321,-0.7,-1.7,-5.8,rrr,2.6,3.3,9.9,-0.1226,Southern_California.20200924.stacov.point-2021/01/22-22:27:31 
257,20200925,2020.7348,0.6,-1.2,-5.5,rrr,2.6,3.2,9.9,-0.1097,Southern_California.20200925.stacov.point-2021/01/23-22:27:45 
258,20200926,2020.7376,-0.6,-1.9,-4.0,rrr,2.6,3.3,9.9,-0.085,Southern_California.20200926.stacov.point-2021/01/24-22:27:40 
259,20200927,2020.7403,-1.2,-1.7,-4.9,rrr,2.6,3.3,9.6,-0.0811,Southern_California.20200927.stacov.point-2021/01/25-22:27:43 
260,20200928,2020.743,-0.7,-1.1,-4.5,rrr,2.6,3.3,9.9,-0.1055,Southern_California.20200928.stacov.point-2021/01/26-22:27:38 
261,20200929,2020.7458,1.8,-0.7,-3.3,rrr,2.6,3.4,10.0,-0.0493,Southern_California.20200929.stacov.point-2021/01/27-22:27:32 
262,20200930,2020.7485,1.7,-1.5,2.4,rrr,2.7,3.5,10.3,-0.089,Southern_California.20200930.stacov.point-2021/01/28-22:29:50 
263,20201001,2020.7513,2.1,-1.7,-6.9,rrr,2.6,3.3,9.6,-0.0883,Southern_California.20201001.stacov.point-2021/01/29-22:30:22 
264,20201002,2020.754,1.1,-1.3,-8.8,rrr,2.7,3.4,10.1,-0.0679,Southern_California.20201002.stacov.point-2021/01/30-22:28:38 
265,20201003,2020.7567,0.4,-1.6,-3.4,rrr,2.6,3.3,9.9,-0.0884,Southern_California.20201003.stacov.point-2021/01/31-22:27:35 
266,20201004,2020.7595,-0.8,-1.6,-4.7,rrr,2.6,3.3,9.6,-0.0663,Southern_California.20201004.stacov.point-2021/02/01-22:27:47 
267,20201005,2020.7622,-0.1,-1.3,-0.9,rrr,2.6,3.3,9.6,-0.0829,Southern_California.20201005.stacov.point-2021/02/02-22:32:15 
268,20201006,2020.7649,1.7,-2.9,-6.6,rrr,2.6,3.3,9.6,-0.0698,Southern_California.20201006.stacov.point-2021/02/03-22:30:21 
269,20201007,2020.7677,2.8,-2.3,-4.9,rrr,2.6,3.3,9.6,-0.1037,Southern_California.20201007.stacov.point-2021/02/04-22:30:28 
270,20201008,2020.7704,1.6,-0.4,-2.5,rrr,2.7,3.2,10.0,-0.0795,Southern_California.20201008.stacov.point-2021/02/05-22:26:42 
271,20201009,2020.7732,1.2,-2.0,-6.0,rrr,2.7,3.4,10.1,-0.0601,Southern_California.20201009.stacov.point-2021/02/06-22:27:20 
272,20201010,2020.7759,0.7,-2.6,-1.9,ppp,2.6,3.2,9.6,-0.0675,Southern_California.20201010.stacov.point-2020/10/12-04:54:33 
273,20201011,2020.7786,0.9,-2.0,-7.0,rrr,2.6,3.3,9.9,-0.1073,Southern_California.20201011.stacov.point-2021/02/08-22:27:07 
274,20201014,2020.7868,1.7,-3.0,-3.4,rrr,2.6,3.3,9.6,-0.057,Southern_California.20201014.stacov.point-2021/02/11-22:29:19 
275,20201015,2020.7896,2.3,-3.6,-3.0,rrr,2.7,3.4,10.3,-0.0779,Southern_California.20201015.stacov.point-2021/02/12-22:27:13 
276,20201016,2020.7923,3.1,-4.8,1.1,rrr,2.9,3.7,10.8,-0.0947,Southern_California.20201016.stacov.point-2021/02/13-22:27:41 
277,20201017,2020.7951,3.4,-3.9,-3.7,rrr,2.6,3.2,9.9,-0.1129,Southern_California.20201017.stacov.point-2021/02/14-22:28:11 
278,20201018,2020.7978,3.8,-3.8,-8.7,rrr,2.6,3.2,9.6,-0.065,Southern_California.20201018.stacov.point-2021/02/15-22:27:59 
279,20201019,2020.8005,1.4,-2.3,-2.0,rrr,2.6,3.2,9.7,-0.0551,Southern_California.20201019.stacov.point-2021/02/16-22:29:06 
280,20201020,2020.8033,3.8,-4.7,-2.1,rrr,2.6,3.5,10.4,-0.0945,Southern_California.20201020.stacov.point-2021/02/17-22:27:08 
281,20201021,2020.806,2.6,-4.7,-3.7,rrr,2.5,3.2,9.7,-0.0913,Southern_California.20201021.stacov.point-2021/02/18-22:29:50 
282,20201022,2020.8087,2.7,-2.6,-2.5,rrr,2.7,3.2,9.9,-0.0936,Southern_California.20201022.stacov.point-2021/02/19-22:32:53 
283,20201023,2020.8115,4.3,-4.5,-3.5,rrr,2.7,3.3,10.1,-0.051,Southern_California.20201023.stacov.point-2021/02/20-22:28:24 
284,20201024,2020.8142,3.1,-5.2,-2.7,rrr,2.6,3.3,9.6,-0.0701,Southern_California.20201024.stacov.point-2021/02/21-22:29:35 
285,20201025,2020.817,2.8,-4.5,-2.7,rrr,2.6,3.3,9.9,-0.1037,Southern_California.20201025.stacov.point-2021/02/22-22:28:04 
286,20201026,2020.8197,2.2,-4.8,-3.0,rrr,2.6,3.3,9.9,-0.0932,Southern_California.20201026.stacov.point-2021/02/23-22:32:12 
287,20201027,2020.8224,0.2,-3.8,1.7,ppp,2.7,3.4,10.1,-0.0415,Southern_California.20201027.stacov.point-2020/10/29-04:53:54 
288,20201028,2020.8252,4.2,-5.8,-2.5,rrr,2.6,3.3,9.9,-0.1014,Southern_California.20201028.stacov.point-2021/02/25-22:29:31 
289,20201029,2020.8279,3.2,-3.4,-3.5,rrr,2.7,3.3,10.4,-0.0744,Southern_California.20201029.stacov.point-2021/02/26-22:29:51 
290,20201030,2020.8306,3.7,-4.3,-5.6,rrr,2.7,3.3,10.0,-0.1091,Southern_California.20201030.stacov.point-2021/02/27-22:29:50 
291,20201031,2020.8334,3.4,-4.7,1.7,rrr,2.7,3.5,10.3,-0.0697,Southern_California.20201031.stacov.point-2020/12/29-22:40:06 
292,20201101,2020.8362,5.2,-5.3,-0.5,rrr,2.7,3.5,10.3,-0.094,Southern_California.20201101.stacov.point-2021/03/01-22:26:39 
293,20201102,2020.839,5.7,-7.0,-1.5,rrr,2.6,3.3,9.9,-0.1009,Southern_California.20201102.stacov.point-2021/03/02-22:32:55 
294,20201103,2020.8417,4.9,-5.9,-5.4,rrr,2.6,3.3,9.6,-0.0787,Southern_California.20201103.stacov.point-2021/03/03-22:30:14 
295,20201104,2020.8445,5.1,-5.7,-6.4,rrr,2.7,3.2,9.9,-0.1029,Southern_California.20201104.stacov.point-2021/03/04-22:30:56 
296,20201105,2020.8472,6.6,-5.7,-1.1,rrr,2.6,3.3,9.9,-0.1227,Southern_California.20201105.stacov.point-2021/03/05-22:30:12 
297,20201106,2020.8499,3.9,-6.5,-1.0,ppp,2.6,3.2,9.9,-0.0848,Southern_California.20201106.stacov.point-2020/11/08-04:54:39 
298,20201107,2020.8527,4.4,-5.5,7.3,rrr,2.8,3.4,10.6,-0.1077,Southern_California.20201107.stacov.point-2021/03/07-22:31:32 
299,20201108,2020.8554,5.4,-6.5,0.8,rrr,2.7,3.4,10.1,-0.0725,Southern_California.20201108.stacov.point-2021/03/08-22:27:19 
300,20201109,2020.8581,6.4,-6.4,3.1,rrr,2.7,3.2,9.9,-0.1208,Southern_California.20201109.stacov.point-2021/03/09-22:32:35 
301,20201110,2020.8609,5.1,-5.9,-6.4,rrr,2.6,3.3,9.9,-0.1186,Southern_California.20201110.stacov.point-2021/03/10-22:32:58 
302,20201111,2020.8636,6.6,-6.6,0.5,rrr,2.7,3.4,10.3,-0.0647,Southern_California.20201111.stacov.point-2021/03/11-22:30:32 
303,20201112,2020.8664,5.5,-4.6,-6.0,rrr,2.6,3.3,10.0,-0.1237,Southern_California.20201112.stacov.point-2021/03/12-22:30:10 
304,20201113,2020.8691,4.3,-5.1,2.4,rrr,2.7,3.5,10.3,-0.0984,Southern_California.20201113.stacov.point-2021/03/13-22:29:45 
305,20201114,2020.8718,5.4,-6.7,-1.7,rrr,2.6,3.2,9.9,-0.1092,Southern_California.20201114.stacov.point-2021/03/14-22:30:11 
306,20201115,2020.8746,5.2,-5.7,-9.2,rrr,2.7,3.4,10.1,-0.0787,Southern_California.20201115.stacov.point-2021/03/15-22:30:30 
307,20201116,2020.8773,6.3,-4.7,-0.5,rrr,2.7,3.4,10.6,-0.1136,Southern_California.20201116.stacov.point-2021/03/16-22:29:01 
308,20201117,2020.88,7.6,-7.2,0.2,rrr,2.7,3.5,10.3,-0.0784,Southern_California.20201117.stacov.point-2021/03/17-22:28:56 
309,20201118,2020.8828,5.9,-6.4,0.3,rrr,2.7,3.4,10.3,-0.0932,Southern_California.20201118.stacov.point-2021/03/18-22:30:26 
310,20201119,2020.8855,6.0,-6.0,-5.2,rrr,2.7,3.4,10.4,-0.0868,Southern_California.20201119.stacov.point-2021/03/19-22:28:59 
311,20201120,2020.8883,6.2,-5.0,0.6,rrr,2.7,3.4,10.3,-0.1164,Southern_California.20201120.stacov.point-2021/03/20-22:28:49 
312,20201121,2020.891,6.1,-6.4,0.9,rrr,2.7,3.4,10.4,-0.1171,Southern_California.20201121.stacov.point-2021/03/21-22:28:34 
313,20201122,2020.8937,6.1,-6.6,2.5,rrr,2.7,3.4,10.1,-0.0525,Southern_California.20201122.stacov.point-2021/03/22-22:28:50 
314,20201123,2020.8965,6.8,-6.3,2.3,rrr,2.7,3.5,10.3,-0.0567,Southern_California.20201123.stacov.point-2021/03/23-22:29:53 
315,20201124,2020.8992,5.8,-7.4,1.0,rrr,2.7,3.5,10.1,-0.0468,Southern_California.20201124.stacov.point-2021/03/24-22:30:38 
316,20201125,2020.9019,6.1,-7.1,-2.2,rrr,2.7,3.4,10.4,-0.0652,Southern_California.20201125.stacov.point-2021/03/25-22:30:14 
317,20201126,2020.9047,5.5,-7.6,-0.8,rrr,2.7,3.4,10.1,-0.0743,Southern_California.20201126.stacov.point-2021/03/26-22:29:29 
318,20201127,2020.9074,5.1,-6.8,1.2,rrr,2.6,3.4,10.0,-0.0556,Southern_California.20201127.stacov.point-2021/03/27-22:28:41 
319,20201128,2020.9102,6.5,-6.2,1.4,rrr,2.7,3.4,10.3,-0.0875,Southern_California.20201128.stacov.point-2021/03/28-22:28:28 
320,20201129,2020.9129,7.6,-7.1,0.1,rrr,2.8,3.5,10.5,-0.0865,Southern_California.20201129.stacov.point-2021/03/29-22:30:25 
321,20201130,2020.9156,7.9,-7.2,0.3,rrr,2.7,3.4,10.3,-0.0569,Southern_California.20201130.stacov.point-2021/03/30-22:29:33 
322,20201201,2020.9184,5.8,-7.5,-2.0,rrr,2.6,3.3,9.9,-0.1038,Southern_California.20201201.stacov.point-2021/03/31-22:28:03 
323,20201202,2020.9211,7.9,-6.8,-2.1,rrr,2.7,3.4,10.4,-0.0845,Southern_California.20201202.stacov.point-2021/04/01-22:28:08 
324,20201203,2020.9239,6.9,-7.4,-5.7,rrr,2.6,3.2,9.9,-0.1007,Southern_California.20201203.stacov.point-2021/01/31-22:39:26 
325,20201204,2020.9266,7.7,-7.9,-9.4,rrr,2.6,3.3,9.9,-0.0984,Southern_California.20201204.stacov.point-2021/04/03-22:29:14 
326,20201205,2020.9293,8.2,-7.5,-5.1,rrr,2.6,3.4,9.8,-0.0989,Southern_California.20201205.stacov.point-2021/04/04-22:29:34 
327,20201206,2020.9321,7.7,-7.4,-6.1,rrr,2.7,3.4,10.1,-0.0396,Southern_California.20201206.stacov.point-2021/04/05-22:28:37 
328,20201207,2020.9348,7.5,-8.4,-6.6,rrr,2.7,3.4,10.1,-0.0545,Southern_California.20201207.stacov.point-2021/04/06-22:30:48 
329,20201208,2020.9375,7.6,-8.4,-4.3,rrr,2.6,3.2,9.9,-0.0763,Southern_California.20201208.stacov.point-2021/04/07-22:32:37 
330,20201209,2020.9403,6.9,-9.2,-7.1,rrr,2.6,3.4,10.0,-0.0288,Southern_California.20201209.stacov.point-2021/04/08-22:31:22 
331,20201210,2020.943,8.8,-9.3,0.3,rrr,2.6,3.2,9.9,-0.066,Southern_California.20201210.stacov.point-2021/04/09-22:33:53 
332,20201211,2020.9458,7.2,-8.7,-3.4,rrr,2.7,3.3,10.0,-0.1004,Southern_California.20201211.stacov.point-2021/04/10-22:34:13 
333,20201212,2020.9485,7.3,-7.7,-2.1,rrr,2.6,3.4,10.0,-0.0545,Southern_California.20201212.stacov.point-2021/02/09-22:45:42 
334,20201213,2020.9512,7.6,-9.6,3.2,rrr,2.7,3.4,10.4,-0.0854,Southern_California.20201213.stacov.point-2021/04/12-22:31:29 
335,20201214,2020.954,9.0,-8.9,2.5,rrr,2.6,3.3,10.0,-0.0305,Southern_California.20201214.stacov.point-2021/04/13-22:29:20 
336,20201215,2020.9567,9.0,-8.2,1.0,rrr,2.7,3.4,10.4,-0.0739,Southern_California.20201215.stacov.point-2021/04/14-22:28:46 
337,20201216,2020.9594,9.9,-8.4,-0.5,rrr,2.6,3.3,9.9,-0.0998,Southern_California.20201216.stacov.point-2021/04/15-22:31:53 
338,20201217,2020.9622,8.2,-7.8,-1.5,rrr,2.7,3.3,10.2,-0.0378,Southern_California.20201217.stacov.point-2021/04/16-22:30:22 
339,20201218,2020.9649,8.7,-8.3,-1.4,rrr,2.7,3.2,10.0,-0.0945,Southern_California.20201218.stacov.point-2021/04/17-22:31:03 
340,20201219,2020.9677,9.8,-8.1,-1.1,rrr,2.6,3.3,9.9,-0.0944,Southern_California.20201219.stacov.point-2021/04/18-22:28:17 
341,20201220,2020.9704,8.2,-7.8,0.6,rrr,2.7,3.4,10.4,-0.095,Southern_California.20201220.stacov.point-2021/04/19-22:30:10 
342,20201221,2020.9731,10.1,-8.9,-1.9,rrr,2.6,3.3,9.9,-0.0876,Southern_California.20201221.stacov.point-2021/04/20-22:30:56 
343,20201222,2020.9759,10.9,-9.6,0.5,rrr,2.6,3.2,9.9,-0.1014,Southern_California.20201222.stacov.point-2021/04/21-22:30:49 
344,20201223,2020.9786,10.2,-8.1,0.0,rrr,2.7,3.4,10.0,-0.1325,Southern_California.20201223.stacov.point-2021/04/22-22:31:41 
345,20201224,2020.9813,10.0,-8.0,-3.1,rrr,2.8,3.7,10.8,-0.0618,Southern_California.20201224.stacov.point-2021/04/23-22:30:12 
346,20201225,2020.9841,8.9,-8.2,-2.1,rrr,2.7,3.4,10.0,-0.1022,Southern_California.20201225.stacov.point-2021/04/24-22:28:13 
347,20201226,2020.9868,10.0,-8.5,2.3,rrr,2.7,3.3,10.4,-0.0812,Southern_California.20201226.stacov.point-2021/04/25-22:30:53 
348,20201227,2020.9896,10.1,-8.6,-1.2,rrr,2.7,3.4,10.4,-0.0935,Southern_California.20201227.stacov.point-2021/04/26-22:30:31 
349,20201228,2020.9923,12.0,-9.2,-3.4,rrr,2.7,3.4,10.4,-0.086,Southern_California.20201228.stacov.point-2021/04/27-22:29:56 
350,20201229,2020.995,9.7,-9.1,2.0,rrr,2.7,3.4,10.4,-0.0562,Southern_California.20201229.stacov.point-2021/04/28-22:27:36 
351,20201230,2020.9978,10.7,-10.1,5.2,rrr,2.7,3.4,10.4,-0.0831,Southern_California.20201230.stacov.point-2021/04/29-22:29:23 
352,20201231,2021.0005,10.5,-8.9,1.6,rrr,2.7,3.4,10.4,-0.0787,Southern_California.20201231.stacov.point-2021/04/30-22:31:07 
353,20210103,2021.0087,9.8,-5.9,-3.9,rrr,2.6,3.3,10.0,-0.0935,Southern_California.20210103.stacov.point-2021/05/03-22:29:37 
354,20210104,2021.0115,9.9,-8.6,-2.3,rrr,2.7,3.4,10.4,-0.0814,Southern_California.20210104.stacov.point-2021/05/04-22:29:37 
355,20210105,2021.0142,11.0,-8.8,-5.7,rrr,2.6,3.3,9.9,-0.099,Southern_California.20210105.stacov.point-2021/05/05-22:30:58 
356,20210106,2021.0169,10.4,-9.4,-0.4,rrr,2.6,3.3,9.9,-0.0825,Southern_California.20210106.stacov.point-2021/05/06-22:34:08 
357,20210107,2021.0197,12.1,-8.3,2.4,rrr,2.6,3.3,9.9,-0.0927,Southern_California.20210107.stacov.point-2021/05/07-22:30:30 
358,20210108,2021.0224,12.4,-7.3,0.0,rrr,2.7,3.3,10.0,-0.0951,Southern_California.20210108.stacov.point-2021/05/08-22:31:13 
359,20210109,2021.0252,11.9,-9.8,1.1,rrr,2.7,3.3,10.0,-0.1119,Southern_California.20210109.stacov.point-2021/05/09-22:31:13 
360,20210110,2021.0279,12.5,-8.3,0.5,rrr,2.7,3.4,10.1,-0.0719,Southern_California.20210110.stacov.point-2021/03/10-22:47:42 
361,20210111,2021.0306,13.6,-9.9,-5.5,rrr,2.6,3.3,10.2,-0.0548,Southern_California.20210111.stacov.point-2021/03/11-22:46:11 
362,20210112,2021.0334,12.3,-7.9,-3.2,rrr,2.7,3.5,10.3,-0.0777,Southern_California.20210112.stacov.point-2021/03/12-22:43:25 
363,20210113,2021.0361,12.7,-8.3,-3.2,rrr,2.6,3.3,10.0,-0.1007,Southern_California.20210113.stacov.point-2021/03/13-22:43:33 
364,20210114,2021.0388,13.3,-8.8,-4.0,rrr,2.7,3.4,10.1,-0.0559,Southern_California.20210114.stacov.point-2021/03/14-22:44:14 
365,20210115,2021.0416,11.9,-10.2,5.6,rrr,2.8,3.3,10.2,-0.1639,Southern_California.20210115.stacov.point-2021/05/15-22:29:13 
366,20210116,2021.0443,12.2,-9.1,4.8,rrr,2.7,3.4,10.4,-0.078,Southern_California.20210116.stacov.point-2021/05/16-22:29:15 
367,20210117,2021.0471,11.3,-10.2,3.5,rrr,2.7,3.5,10.3,-0.0822,Southern_California.20210117.stacov.point-2021/05/17-22:27:31 
368,20210118,2021.0498,12.1,-11.2,5.5,rrr,2.7,3.4,10.4,-0.0781,Southern_California.20210118.stacov.point-2021/05/18-22:27:27 
369,20210119,2021.0525,11.3,-9.5,2.4,rrr,2.7,3.3,10.0,-0.1104,Southern_California.20210119.stacov.point-2021/05/19-22:27:46 
370,20210120,2021.0553,10.3,-9.4,2.5,rrr,2.8,3.5,10.5,-0.0892,Southern_California.20210120.stacov.point-2021/05/20-22:28:05 
371,20210121,2021.058,10.0,-10.8,3.8,rrr,2.7,3.5,10.3,-0.1047,Southern_California.20210121.stacov.point-2021/05/21-22:28:09 
372,20210122,2021.0607,11.0,-9.2,2.8,rrr,2.7,3.2,10.0,-0.101,Southern_California.20210122.stacov.point-2021/05/22-22:28:38 
373,20210123,2021.0635,10.8,-9.4,6.8,rrr,2.7,3.4,10.4,-0.0765,Southern_California.20210123.stacov.point-2021/05/23-22:27:15 
374,20210124,2021.0662,10.4,-10.5,2.2,rrr,2.6,3.3,9.6,-0.0792,Southern_California.20210124.stacov.point-2021/05/24-22:27:58 
375,20210125,2021.069,12.6,-9.2,14.1,rrr,2.7,3.4,10.6,-0.1076,Southern_California.20210125.stacov.point-2021/05/25-22:28:22 
376,20210126,2021.0717,11.7,-9.3,0.7,rrr,2.7,3.4,10.4,-0.0712,Southern_California.20210126.stacov.point-2021/05/26-22:27:14 
377,20210127,2021.0744,12.1,-9.4,0.4,rrr,2.6,3.3,9.9,-0.0925,Southern_California.20210127.stacov.point-2021/05/27-22:28:28 
378,20210128,2021.0772,12.5,-9.7,0.2,rrr,2.6,3.2,9.9,-0.0936,Southern_California.20210128.stacov.point-2021/05/28-22:29:00 
379,20210129,2021.0799,12.9,-7.1,-1.0,rrr,2.6,3.4,10.4,-0.0658,Southern_California.20210129.stacov.point-2021/05/29-22:28:01 
380,20210130,2021.0827,13.1,-9.2,-2.2,rrr,2.7,3.2,10.0,-0.0909,Southern_California.20210130.stacov.point-2021/05/30-22:28:11 
381,20210131,2021.0854,12.3,-9.3,-4.4,rrr,2.7,3.4,10.4,-0.0726,Southern_California.20210131.stacov.point-2021/05/31-22:27:36 
382,20210201,2021.0881,13.4,-10.9,-4.3,rrr,2.7,3.3,10.4,-0.0697,Southern_California.20210201.stacov.point-2021/06/01-22:26:40 
383,20210202,2021.0909,13.6,-11.1,-0.8,rrr,2.6,3.3,10.0,-0.0936,Southern_California.20210202.stacov.point-2021/04/02-22:31:16 
384,20210203,2021.0936,12.4,-9.4,-2.1,rrr,2.7,3.3,10.4,-0.0726,Southern_California.20210203.stacov.point-2021/04/03-22:41:36 
385,20210204,2021.0963,12.6,-10.7,2.2,rrr,2.7,3.6,10.3,-0.0892,Southern_California.20210204.stacov.point-2021/04/04-22:41:18 
386,20210205,2021.0991,11.9,-10.8,-0.7,rrr,2.6,3.3,10.0,-0.1175,Southern_California.20210205.stacov.point-2021/04/05-22:41:24 
387,20210206,2021.1018,13.5,-11.8,-4.5,rrr,2.6,3.4,10.2,-0.0518,Southern_California.20210206.stacov.point-2021/04/06-22:46:07 
388,20210207,2021.1046,14.6,-12.4,0.7,rrr,2.7,3.4,10.4,-0.0901,Southern_California.20210207.stacov.point-2021/04/07-22:46:24 
389,20210208,2021.1073,15.5,-11.2,1.4,rrr,2.6,3.4,10.1,-0.0611,Southern_California.20210208.stacov.point-2021/04/08-22:48:20 
390,20210209,2021.11,14.9,-10.0,4.0,rrr,2.7,3.4,10.1,-0.04,Southern_California.20210209.stacov.point-2021/04/09-22:50:41 
391,20210210,2021.1128,13.5,-12.5,6.6,rrr,2.6,3.3,9.9,-0.089,Southern_California.20210210.stacov.point-2021/04/10-22:50:44 
392,20210211,2021.1155,13.5,-11.0,1.5,rrr,2.7,3.4,10.1,-0.0652,Southern_California.20210211.stacov.point-2021/04/11-22:37:44 
393,20210212,2021.1182,16.3,-11.9,6.1,rrr,2.7,3.3,10.2,-0.1087,Southern_California.20210212.stacov.point-2021/04/12-22:45:18 
394,20210213,2021.121,15.5,-13.2,6.0,rrr,2.6,3.4,10.0,-0.0293,Southern_California.20210213.stacov.point-2021/04/13-22:42:06 
395,20210214,2021.1237,14.8,-12.8,5.5,rrr,2.7,3.4,10.4,-0.0654,Southern_California.20210214.stacov.point-2021/04/14-22:41:57 
396,20210215,2021.1265,15.6,-12.0,4.3,rrr,2.7,3.3,10.0,-0.0829,Southern_California.20210215.stacov.point-2021/04/15-22:47:20 
397,20210216,2021.1292,14.8,-12.8,1.1,rrr,2.7,3.4,10.4,-0.0749,Southern_California.20210216.stacov.point-2021/04/16-22:43:54 
398,20210217,2021.1319,14.7,-12.5,7.3,rrr,2.7,3.4,10.4,-0.0729,Southern_California.20210217.stacov.point-2021/04/17-22:45:36 
399,20210218,2021.1347,16.0,-12.6,-1.1,rrr,2.7,3.4,10.4,-0.0805,Southern_California.20210218.stacov.point-2021/04/18-22:42:52 
400,20210219,2021.1374,14.6,-11.4,-5.2,rrr,2.7,3.4,10.4,-0.0913,Southern_California.20210219.stacov.point-2021/04/19-22:44:02 
401,20210220,2021.1401,14.5,-12.0,-0.3,rrr,2.6,3.2,9.9,-0.0784,Southern_California.20210220.stacov.point-2021/04/20-22:44:31 
402,20210221,2021.1429,13.3,-11.7,3.9,rrr,2.6,3.4,10.2,-0.0636,Southern_California.20210221.stacov.point-2021/06/21-23:09:03 
403,20210222,2021.1456,14.2,-12.2,3.3,rrr,2.6,3.3,10.0,-0.094,Southern_California.20210222.stacov.point-2021/04/22-22:46:51 
404,20210223,2021.1484,14.0,-12.1,1.7,rrr,2.7,3.4,10.4,-0.0672,Southern_California.20210223.stacov.point-2021/06/23-23:09:42 
405,20210224,2021.1511,13.0,-11.9,-6.7,rrr,2.7,3.4,10.4,-0.0714,Southern_California.20210224.stacov.point-2021/06/24-23:10:33 
406,20210225,2021.1538,14.5,-13.2,-0.5,rrr,2.7,3.4,10.4,-0.088,Southern_California.20210225.stacov.point-2021/04/25-22:44:48 
407,20210226,2021.1566,14.1,-14.2,6.7,rrr,2.6,3.5,10.1,-0.0504,Southern_California.20210226.stacov.point-2021/06/26-23:10:09 
408,20210227,2021.1593,14.5,-14.8,7.8,rrr,2.7,3.6,10.6,-0.077,Southern_California.20210227.stacov.point-2021/06/27-23:09:28 
409,20210228,2021.1621,14.7,-14.7,10.1,rrr,2.7,3.5,10.4,-0.0494,Southern_California.20210228.stacov.point-2021/06/28-23:10:00 
410,20210301,2021.1648,15.2,-13.4,0.3,rrr,2.6,3.3,10.0,-0.0738,Southern_California.20210301.stacov.point-2021/06/29-23:10:15 
411,20210302,2021.1675,16.2,-14.2,4.5,rrr,2.6,3.3,9.9,-0.0889,Southern_California.20210302.stacov.point-2021/06/30-23:09:20 
412,20210303,2021.1703,16.8,-13.8,2.9,rrr,2.7,3.4,10.4,-0.0611,Southern_California.20210303.stacov.point-2021/07/01-23:11:11 
413,20210304,2021.173,15.6,-14.3,0.3,rrr,2.6,3.4,10.1,-0.0458,Southern_California.20210304.stacov.point-2021/05/02-22:35:31 
414,20210305,2021.1757,16.3,-12.5,-9.0,rrr,2.7,3.4,10.4,-0.0907,Southern_California.20210305.stacov.point-2021/07/03-23:09:35 
415,20210306,2021.1785,17.0,-15.2,0.7,rrr,2.7,3.5,10.3,-0.0872,Southern_California.20210306.stacov.point-2021/07/04-23:10:12 
416,20210307,2021.1812,14.7,-14.6,-3.7,rrr,2.8,3.4,10.6,-0.1205,Southern_California.20210307.stacov.point-2021/07/05-23:09:54 
417,20210308,2021.184,14.8,-15.3,-3.1,rrr,2.8,3.3,10.7,-0.0994,Southern_California.20210308.stacov.point-2021/07/06-23:10:38 
418,20210309,2021.1867,16.4,-14.4,1.1,rrr,2.7,3.5,10.5,-0.0168,Southern_California.20210309.stacov.point-2021/07/07-23:10:55 
419,20210310,2021.1894,16.7,-13.9,-0.1,rrr,2.7,3.2,10.0,-0.0994,Southern_California.20210310.stacov.point-2021/07/08-23:11:15 
420,20210311,2021.1922,15.8,-14.4,-6.0,rrr,2.6,3.4,10.0,-0.0504,Southern_California.20210311.stacov.point-2021/07/09-23:10:48 
421,20210312,2021.1949,16.5,-16.1,2.9,rrr,2.6,3.6,10.5,0.0053,Southern_California.20210312.stacov.point-2021/07/10-23:10:52 
422,20210313,2021.1976,17.5,-17.1,-6.6,rrr,2.6,3.4,10.1,-0.0514,Southern_California.20210313.stacov.point-2021/07/11-23:10:58 
423,20210314,2021.2003,17.1,-15.8,0.4,rrr,2.6,3.4,10.1,-0.0526,Southern_California.20210314.stacov.point-2021/07/12-23:11:16 
424,20210315,2021.203,17.5,-14.9,4.8,rrr,2.6,3.4,10.1,-0.0352,Southern_California.20210315.stacov.point-2021/07/13-23:11:35 
425,20210316,2021.2057,16.1,-15.4,4.0,rrr,2.7,3.5,10.1,-0.0682,Southern_California.20210316.stacov.point-2021/07/14-23:10:54 
426,20210317,2021.2085,17.6,-16.0,-3.5,rrr,2.5,3.2,9.7,-0.0698,Southern_California.20210317.stacov.point-2021/07/15-23:10:41 
427,20210318,2021.2112,16.7,-17.2,-3.5,rrr,2.7,3.5,10.1,-0.0586,Southern_California.20210318.stacov.point-2021/07/16-23:09:55 
428,20210319,2021.214,16.3,-15.5,-7.8,rrr,2.7,3.5,10.3,-0.0492,Southern_California.20210319.stacov.point-2021/07/17-23:09:50 
429,20210320,2021.2167,15.5,-15.4,1.1,rrr,2.7,3.4,10.4,-0.0633,Southern_California.20210320.stacov.point-2021/07/18-23:10:18 
430,20210321,2021.2194,16.8,-17.9,-1.7,rrr,2.7,3.4,10.4,-0.0853,Southern_California.20210321.stacov.point-2021/07/19-23:10:18 
431,20210322,2021.2222,15.6,-16.4,0.9,rrr,2.6,3.4,10.1,-0.0634,Southern_California.20210322.stacov.point-2021/07/20-23:10:00 
432,20210323,2021.2249,16.6,-17.4,-5.2,rrr,2.7,3.5,10.3,-0.0783,Southern_California.20210323.stacov.point-2021/07/21-23:10:09 
433,20210324,2021.2276,15.8,-19.8,2.1,rrr,2.7,3.4,10.4,-0.0973,Southern_California.20210324.stacov.point-2021/07/22-23:11:10 
434,20210325,2021.2304,14.3,-17.6,3.3,rrr,2.6,3.5,10.0,-0.0537,Southern_California.20210325.stacov.point-2021/07/23-23:09:46 
435,20210326,2021.2331,15.7,-16.5,3.0,rrr,2.7,3.5,10.1,-0.0594,Southern_California.20210326.stacov.point-2021/07/24-23:09:46 
436,20210327,2021.2359,15.4,-16.3,-0.3,rrr,2.7,3.4,10.4,-0.0834,Southern_California.20210327.stacov.point-2021/07/25-23:09:45 
437,20210328,2021.2386,15.4,-15.6,-1.6,rrr,2.6,3.4,10.4,-0.0814,Southern_California.20210328.stacov.point-2021/07/26-23:10:49 
438,20210329,2021.2413,15.2,-16.0,1.2,rrr,2.6,3.3,9.9,-0.1135,Southern_California.20210329.stacov.point-2021/07/27-23:10:49 
439,20210330,2021.2441,16.0,-17.8,3.3,rrr,2.6,3.4,10.4,-0.0715,Southern_California.20210330.stacov.point-2021/07/28-23:10:43 
440,20210331,2021.2468,16.9,-17.0,-4.6,rrr,2.6,3.3,9.9,-0.0884,Southern_California.20210331.stacov.point-2021/07/29-23:11:01 
441,20210401,2021.2495,16.2,-17.0,1.2,rrr,2.8,3.5,10.7,-0.1424,Southern_California.20210401.stacov.point-2021/07/30-23:10:48 
442,20210402,2021.2523,17.1,-17.1,3.3,rrr,2.6,3.5,10.0,-0.0633,Southern_California.20210402.stacov.point-2021/07/31-23:08:21 
443,20210403,2021.255,15.4,-17.1,6.9,rrr,2.6,3.6,10.5,-0.0421,Southern_California.20210403.stacov.point-2021/08/01-23:08:24 
444,20210404,2021.2578,16.2,-16.2,3.2,rrr,2.6,3.5,10.0,-0.0708,Southern_California.20210404.stacov.point-2021/08/02-23:10:17 
445,20210405,2021.2605,15.5,-18.4,6.6,rrr,2.6,3.4,10.2,-0.061,Southern_California.20210405.stacov.point-2021/08/03-23:11:09 
446,20210406,2021.2632,15.5,-18.6,-2.7,rrr,2.6,3.5,10.1,-0.0535,Southern_California.20210406.stacov.point-2021/08/04-23:10:42 
447,20210407,2021.266,16.1,-19.3,-0.4,rrr,2.6,3.5,10.4,-0.0722,Southern_California.20210407.stacov.point-2021/08/05-23:11:07 
448,20210408,2021.2687,17.5,-18.9,4.9,rrr,2.7,3.6,10.1,-0.0566,Southern_California.20210408.stacov.point-2021/08/06-23:10:56 
449,20210409,2021.2715,16.6,-17.5,5.3,rrr,2.7,3.6,10.1,-0.0434,Southern_California.20210409.stacov.point-2021/08/07-23:10:27 
450,20210410,2021.2742,16.3,-18.7,4.3,rrr,2.7,3.4,10.4,-0.0691,Southern_California.20210410.stacov.point-2021/08/08-23:10:42 
451,20210411,2021.2769,15.7,-17.5,3.8,rrr,2.6,3.5,10.1,-0.0588,Southern_California.20210411.stacov.point-2021/08/09-23:10:00 
452,20210412,2021.2797,17.7,-18.4,8.4,rrr,2.7,3.5,10.1,-0.0473,Southern_California.20210412.stacov.point-2021/08/10-23:12:25 
453,20210413,2021.2824,19.1,-20.2,10.2,rrr,2.7,3.6,10.3,-0.0887,Southern_California.20210413.stacov.point-2021/08/11-23:12:17 
454,20210414,2021.2851,17.2,-18.2,10.9,rrr,2.7,3.6,10.3,-0.0855,Southern_California.20210414.stacov.point-2021/08/12-23:11:08 
455,20210415,2021.2879,17.3,-18.4,9.3,rrr,2.6,3.6,10.1,-0.0466,Southern_California.20210415.stacov.point-2021/08/13-23:10:39 
456,20210416,2021.2906,15.9,-18.7,6.9,rrr,2.7,3.4,10.0,-0.0975,Southern_California.20210416.stacov.point-2021/08/14-23:11:00 
457,20210417,2021.2934,16.2,-19.0,2.0,rrr,2.7,3.5,10.3,-0.0651,Southern_California.20210417.stacov.point-2021/08/15-23:10:40 
458,20210418,2021.2961,16.9,-20.4,8.7,rrr,2.7,3.5,10.3,-0.0809,Southern_California.20210418.stacov.point-2021/08/16-23:10:45 
459,20210419,2021.2988,18.6,-18.3,2.8,rrr,2.7,3.8,10.3,-0.0379,Southern_California.20210419.stacov.point-2021/08/17-23:10:39 
460,20210420,2021.3016,17.7,-18.6,5.8,rrr,2.6,3.5,10.4,-0.0777,Southern_California.20210420.stacov.point-2021/08/18-23:10:41 
461,20210421,2021.3043,17.5,-20.1,8.1,rrr,2.6,3.4,10.0,-0.0909,Southern_California.20210421.stacov.point-2021/08/19-23:10:59 
462,20210422,2021.307,17.7,-20.3,6.7,rrr,2.7,3.7,10.5,-0.0745,Southern_California.20210422.stacov.point-2021/08/20-23:09:08 
463,20210423,2021.3098,18.4,-20.0,0.4,rrr,2.6,3.7,10.3,-0.0832,Southern_California.20210423.stacov.point-2021/08/21-23:09:16 
464,20210424,2021.3125,19.0,-21.0,8.7,rrr,2.6,3.4,10.4,-0.0766,Southern_California.20210424.stacov.point-2021/08/22-23:10:15 
465,20210425,2021.3153,17.4,-21.3,9.1,rrr,2.6,3.5,10.4,-0.0863,Southern_California.20210425.stacov.point-2021/08/23-23:13:33 
466,20210426,2021.318,17.1,-20.7,15.1,rrr,2.6,3.6,10.5,-0.0434,Southern_California.20210426.stacov.point-2021/08/24-23:14:36 
467,20210427,2021.3207,18.7,-20.5,14.0,rrr,2.7,3.7,10.6,-0.0627,Southern_California.20210427.stacov.point-2021/08/25-23:11:59 
468,20210428,2021.3235,17.6,-21.0,2.5,rrr,2.7,3.7,11.1,-0.1066,Southern_California.20210428.stacov.point-2021/08/26-23:11:39 
469,20210429,2021.3262,17.6,-19.7,3.5,rrr,2.6,3.6,10.5,-0.0145,Southern_California.20210429.stacov.point-2021/08/27-23:10:31 
470,20210430,2021.3289,18.1,-19.8,1.3,rrr,2.6,3.5,10.4,-0.0982,Southern_California.20210430.stacov.point-2021/08/28-23:10:26 
471,20210501,2021.3317,18.4,-21.0,7.7,rrr,2.6,3.5,10.1,-0.0601,Southern_California.20210501.stacov.point-2021/08/29-23:10:05 
472,20210502,2021.3344,17.3,-19.8,9.5,rrr,2.6,3.5,10.4,-0.0848,Southern_California.20210502.stacov.point-2021/08/30-23:12:50 
473,20210503,2021.3372,17.9,-21.3,1.5,rrr,2.7,3.5,10.4,-0.0673,Southern_California.20210503.stacov.point-2021/08/31-23:10:55 
474,20210504,2021.3399,17.2,-21.0,4.7,rrr,2.6,3.6,10.1,-0.0612,Southern_California.20210504.stacov.point-2021/09/01-23:09:56 
475,20210506,2021.3454,19.1,-21.1,3.7,rrr,2.7,3.6,10.3,-0.0906,Southern_California.20210506.stacov.point-2021/09/03-23:10:58 
476,20210508,2021.3509,18.0,-20.6,-3.8,rrr,2.6,3.5,10.1,-0.052,Southern_California.20210508.stacov.point-2021/09/05-23:09:40 
477,20210509,2021.3536,18.3,-19.9,-2.0,rrr,2.6,3.5,10.1,-0.0552,Southern_California.20210509.stacov.point-2021/09/06-23:08:20 
478,20210511,2021.3591,18.7,-20.7,-0.9,rrr,2.6,3.5,10.1,-0.0659,Southern_California.20210511.stacov.point-2021/09/08-23:07:56 
479,20210512,2021.3618,19.1,-21.9,1.0,rrr,2.6,3.5,10.4,-0.0748,Southern_California.20210512.stacov.point-2021/09/09-23:09:20 
480,20210514,2021.3673,18.4,-20.8,4.0,rrr,2.6,3.5,10.3,-0.0605,Southern_California.20210514.stacov.point-2021/09/11-23:09:21 
481,20210517,2021.3755,20.2,-22.1,4.8,rrr,2.6,3.5,10.4,-0.0435,Southern_California.20210517.stacov.point-2021/09/14-23:07:28 
